STATION,DATE,SOURCE,LATITUDE,LONGITUDE,ELEVATION,NAME,REPORT_TYPE,CALL_SIGN,QUALITY_CONTROL,WND,CIG,VIS,TMP,DEW,SLP,KA1,KA2,MA1,MD1,OC1,OD1,OD2,REM,EQD
01466099999,2024-01-01T03:00:00,4,59.9666666,11.0333333,109,"KJELLER AIRPORT, NO",FM-12,99999,V020,"040,1,N,0060,1","99999,9,9,N","999999,9,9,9","-0046,1","-0053,1","10118,1","240,M,-0043,1","240,N,-0046,1","99999,9,09981,1","7,1,003,1,+999,9",,"3,99,0090,1,999",,SYN08201466 46/// /0406 11046 21053 39981 40118 57003 90300 333 11043 21046 90710 91109=,
01466099999,2024-01-01T09:00:00,4,59.9666666,11.0333333,109,"KJELLER AIRPORT, NO",FM-12,99999,V020,"020,1,N,0060,1","99999,9,9,N","999999,9,9,9","-0058,1","-0068,1","10133,1","240,M,-0055,1","240,N,-0058,1","99999,9,09995,1","1,1,013,1,+999,9",,"3,99,0090,1,999",,SYN08201466 46/// /0206 11058 21068 39995 40133 51013 90900 333 11055 21058 90710 91109=,
01466099999,2024-01-01T15:00:00,4,59.9666666,11.0333333,109,"KJELLER AIRPORT, NO",FM-12,99999,V020,"040,1,N,0060,1","99999,9,9,N","999999,9,9,9","-0051,1","-0061,1","10139,1","240,M,-0051,1","240,N,-0052,1","99999,9,10001,1","2,1,004,1,+999,9",,"3,99,0090,1,999",,SYN08201466 46/// /0406 11051 21061 30001 40139 52004 91500 333 11051 21052 90710 91109=,
01466099999,2024-01-01T21:00:00,4,59.9666666,11.0333333,109,"KJELLER AIRPORT, NO",FM-12,99999,V020,"030,1,N,0050,1","99999,9,9,N","999999,9,9,9","-0050,1","-0068,1","10156,1","240,M,-0050,1","240,N,-0051,1","99999,9,10018,1","1,1,006,1,+999,9",,"3,99,0080,1,999",,SYN08201466 46/// /0305 11050 21068 30018 40156 51006 92100 333 11050 21051 90710 91108=,
01466099999,2024-01-02T03:00:00,4,59.9666666,11.0333333,109,"KJELLER AIRPORT, NO",FM-12,99999,V020,"040,1,N,0050,1","99999,9,9,N","999999,9,9,9","-0062,1","-0083,1","10156,1","240,M,-0058,1","240,N,-0062,1","99999,9,10018,1","7,1,002,1,+999,9",,"3,99,0080,1,999",,SYN08201466 46/// /0405 11062 21083 30018 40156 57002 90300 333 11058 21062 90710 91108=,
01466099999,2024-01-02T09:00:00,4,59.9666666,11.0333333,109,"KJELLER AIRPORT, NO",FM-12,99999,V020,"040,1,N,0070,1","99999,9,9,N","999999,9,9,9","-0079,1","-0100,1","10163,1","240,M,-0074,1","240,N,-0079,1","99999,9,10023,1","2,1,007,1,+999,9",,"3,99,0100,1,999",,SYN08201466 46/// /0407 11079 21100 30023 40163 52007 90900 333 11074 21079 90710 91110=,
01466099999,2024-01-02T15:00:00,4,59.9666666,11.0333333,109,"KJELLER AIRPORT, NO",FM-12,99999,V020,"030,1,N,0060,1","99999,9,9,N","999999,9,9,9","-0086,1","-0112,1","10147,1","240,M,-0086,1","240,N,-0088,1","99999,9,10007,1","6,1,010,1,+999,9",,"3,99,0090,1,999",,SYN08201466 46/// /0306 11086 21112 30007 40147 56010 91500 333 11086 21088 90710 91109=,
01466099999,2024-01-02T21:00:00,4,59.9666666,11.0333333,109,"KJELLER AIRPORT, NO",FM-12,99999,V020,"040,1,N,0070,1","99999,9,9,N","999999,9,9,9","-0081,1","-0111,1","10125,1","240,M,-0081,1","240,N,-0084,1","99999,9,09986,1","7,1,015,1,+999,9",,"3,99,0100,1,999",,SYN08201466 46/// /0407 11081 21111 39986 40125 57015 92100 333 11081 21084 90710 91110=,
01466099999,2024-01-03T03:00:00,4,59.9666666,11.0333333,109,"KJELLER AIRPORT, NO",FM-12,99999,V020,"030,1,N,0050,1","99999,9,9,N","999999,9,9,9","-0085,1","-0108,1","10107,1","240,M,-0084,1","240,N,-0085,1","99999,9,09968,1","7,1,009,1,+999,9",,"3,99,0090,1,999",,SYN08201466 46/// /0305 11085 21108 39968 40107 57009 90300 333 11084 21085 90710 91109=,
01466099999,2024-01-03T09:00:00,4,59.9666666,11.0333333,109,"KJELLER AIRPORT, NO",FM-12,99999,V020,"020,1,N,0050,1","99999,9,9,N","999999,9,9,9","-0089,1","-0116,1","10105,1","240,M,-0089,1","240,N,-0090,1","99999,9,09965,1","4,1,000,1,+999,9",,"3,99,0070,1,999",,SYN08201466 46/// /0205 11089 21116 39965 40105 54000 90900 333 11089 21090 90710 91107=,
01466099999,2024-01-03T15:00:00,4,59.9666666,11.0333333,109,"KJELLER AIRPORT, NO",FM-12,99999,V020,"040,1,N,0050,1","99999,9,9,N","999999,9,9,9","-0085,1","-0121,1","10094,1","240,M,-0085,1","240,N,-0085,1","99999,9,09955,1","7,1,005,1,+999,9",,"3,99,0090,1,999",,SYN08201466 46/// /0405 11085 21121 39955 40094 57005 91500 333 11085 21085 90710 91109=,
01466099999,2024-01-03T21:00:00,4,59.9666666,11.0333333,109,"KJELLER AIRPORT, NO",FM-12,99999,V020,"030,1,N,0050,1","99999,9,9,N","999999,9,9,9","-0087,1","-0122,1","10103,1","240,M,-0086,1","240,N,-0088,1","99999,9,09964,1","2,1,005,1,+999,9",,"3,99,0080,1,999",,SYN08201466 46/// /0305 11087 21122 39964 40103 52005 92100 333 11086 21088 90710 91108=,
01466099999,2024-01-04T03:00:00,4,59.9666666,11.0333333,109,"KJELLER AIRPORT, NO",FM-12,99999,V020,"030,1,N,0040,1","99999,9,9,N","999999,9,9,9","-0089,1","-0124,1","10115,1","240,M,-0088,1","240,N,-0090,1","99999,9,09975,1","2,1,009,1,+999,9",,"3,99,0070,1,999",,SYN08201466 46/// /0304 11089 21124 39975 40115 52009 90300 333 11088 21090 90710 91107=,
01466099999,2024-01-04T09:00:00,4,59.9666666,11.0333333,109,"KJELLER AIRPORT, NO",FM-12,99999,V020,"020,1,N,0030,1","99999,9,9,N","999999,9,9,9","-0099,1","-0140,1","10135,1","240,M,-0094,1","240,N,-0099,1","99999,9,09995,1","2,1,015,1,+999,9",,"3,99,0070,1,999",,SYN08201466 46/// /0203 11099 21140 39995 40135 52015 90900 333 11094 21099 90710 91107=,
01466099999,2024-01-04T15:00:00,4,59.9666666,11.0333333,109,"KJELLER AIRPORT, NO",FM-12,99999,V020,"360,1,N,0030,1","99999,9,9,N","999999,9,9,9","-0122,1","-0154,1","10146,1","240,M,-0112,1","240,N,-0122,1","99999,9,10004,1","2,1,004,1,+999,9",,"3,99,0050,1,999",,SYN08201466 46/// /3603 11122 21154 30004 40146 52004 91500 333 11112 21122 90710 91105=,
01466099999,2024-01-04T21:00:00,4,59.9666666,11.0333333,109,"KJELLER AIRPORT, NO",FM-12,99999,V020,"999,9,C,0000,5","99999,9,9,N","999999,9,9,9","-0206,1","-0224,1","10170,1","240,M,-0187,1","240,N,-0213,1","99999,9,10024,1","2,1,012,1,+999,9",,"3,99,0010,1,999",,SYN08201466 46/// /0000 11206 21224 30024 40170 52012 92100 333 11187 21213 90710 91101=,
01466099999,2024-01-05T03:00:00,4,59.9666666,11.0333333,109,"KJELLER AIRPORT, NO",FM-12,99999,V020,"999,9,C,0000,5","99999,9,9,N","999999,9,9,9","-0263,1","-0285,1","10172,1","240,M,-0256,1","240,N,-0276,1","99999,9,10022,1","7,1,001,1,+999,9",,"3,99,0010,1,999",,SYN08201466 46/// /0000 11263 21285 30022 40172 57001 90300 333 11256 21276 90710 91101=,
01466099999,2024-01-05T09:00:00,4,59.9666666,11.0333333,109,"KJELLER AIRPORT, NO",FM-12,99999,V020,"999,9,C,0000,5","99999,9,9,N","999999,9,9,9","-0274,1","-0298,1","10186,1","240,M,-0274,1","240,N,-0295,1","99999,9,10035,1","2,1,009,1,+999,9",,"3,99,0020,1,999",,SYN08201466 46/// /0000 11274 21298 30035 40186 52009 90900 333 11274 21295 90710 91102=,
01466099999,2024-01-05T15:00:00,4,59.9666666,11.0333333,109,"KJELLER AIRPORT, NO",FM-12,99999,V020,"300,1,N,0010,1","99999,9,9,N","999999,9,9,9","-0266,1","-0290,1","10188,1","240,M,-0248,1","240,N,-0267,1","99999,9,10037,1","2,1,004,1,+999,9",,"3,99,0020,1,999",,SYN08201466 46/// /3001 11266 21290 30037 40188 52004 91500 333 11248 21267 90710 91102=,
01466099999,2024-01-05T21:00:00,4,59.9666666,11.0333333,109,"KJELLER AIRPORT, NO",FM-12,99999,V020,"999,9,C,0000,5","99999,9,9,N","999999,9,9,9","-0320,1","-0351,1","10206,1","240,M,-0295,1","240,N,-0320,1","99999,9,10052,1","2,1,009,1,+999,9",,"3,99,0000,1,999",,SYN08201466 46/// /0000 11320 21351 30052 40206 52009 92100 333 11295 21320 90710 91100=,
01466099999,2024-01-06T03:00:00,4,59.9666666,11.0333333,109,"KJELLER AIRPORT, NO",FM-12,99999,V020,"280,1,N,0010,1","99999,9,9,N","999999,9,9,9","-0258,1","-0280,1","10216,1","240,M,-0256,1","240,N,-0262,1","99999,9,10066,1","9,9,006,1,+999,9",,"3,99,0030,1,999",,SYN08201466 46/// /2801 11258 21280 30066 40216 50006 90300 333 11256 21262 90710 91103=,
01466099999,2024-01-06T09:00:00,4,59.9666666,11.0333333,109,"KJELLER AIRPORT, NO",FM-12,99999,V020,"280,1,N,0010,1","99999,9,9,N","999999,9,9,9","-0261,1","-0286,1","10249,1","240,M,-0260,1","240,N,-0262,1","99999,9,10098,1","2,1,019,1,+999,9",,"3,99,0020,1,999",,SYN08201466 46/// /2801 11261 21286 30098 40249 52019 90900 333 11260 21262 90710 91102=,
01466099999,2024-01-06T15:00:00,4,59.9666666,11.0333333,109,"KJELLER AIRPORT, NO",FM-12,99999,V020,"290,1,N,0010,1","99999,9,9,N","999999,9,9,9","-0249,1","-0273,1","10273,1","240,M,-0237,1","240,N,-0249,1","99999,9,10123,1","3,1,011,1,+999,9",,"3,99,0020,1,999",,SYN08201466 46/// /2901 11249 21273 30123 40273 53011 91500 333 11237 21249 90710 91102=,
01466099999,2024-01-06T21:00:00,4,59.9666666,11.0333333,109,"KJELLER AIRPORT, NO",FM-12,99999,V020,"999,9,C,0000,5","99999,9,9,N","999999,9,9,9","-0272,1","-0297,1","10309,1","240,M,-0271,1","240,N,-0281,1","99999,9,10156,1","1,1,016,1,+999,9",,"3,99,0020,1,999",,SYN08201466 46/// /2600 11272 21297 30156 40309 51016 92100 333 11271 21281 90710 91102=,
01466099999,2024-01-07T03:00:00,4,59.9666666,11.0333333,109,"KJELLER AIRPORT, NO",FM-12,99999,V020,"300,1,N,0010,1","99999,9,9,N","999999,9,9,9","-0254,1","-0278,1","10332,1","240,M,-0252,1","240,N,-0254,1","99999,9,10180,1","2,1,012,1,+999,9",,"3,99,0020,1,999",,SYN08201466 46/// /3001 11254 21278 30180 40332 52012 90300 333 11252 21254 90710 91102=,
01466099999,2024-01-07T09:00:00,4,59.9666666,11.0333333,109,"KJELLER AIRPORT, NO",FM-12,99999,V020,"999,9,C,0000,5","99999,9,9,N","999999,9,9,9","-0211,1","-0229,1","10359,1","240,M,-0211,1","240,N,-0222,1","99999,9,10210,1","2,1,017,1,+999,9",,"3,99,0020,1,999",,SYN08201466 46/// /0000 11211 21229 30210 40359 52017 90900 333 11211 21222 90710 91102=,
01466099999,2024-01-07T15:00:00,4,59.9666666,11.0333333,109,"KJELLER AIRPORT, NO",FM-12,99999,V020,"300,1,N,0010,1","99999,9,9,N","999999,9,9,9","-0228,1","-0249,1","10378,1","240,M,-0206,1","240,N,-0231,1","99999,9,10227,1","3,1,007,1,+999,9",,"3,99,0010,1,999",,SYN08201466 46/// /3001 11228 21249 30227 40378 53007 91500 333 11206 21231 90710 91101=,
01466099999,2024-01-07T21:00:00,4,59.9666666,11.0333333,109,"KJELLER AIRPORT, NO",FM-12,99999,V020,"999,9,C,0000,5","99999,9,9,N","999999,9,9,9","-0278,1","-0305,1","10408,1","240,M,-0263,1","240,N,-0279,1","99999,9,10254,1","9,9,014,1,+999,9",,"3,99,0010,1,999",,SYN08201466 46/// /0000 11278 21305 30254 40408 50014 92100 333 11263 21279 90710 91101=,
01466099999,2024-01-08T03:00:00,4,59.9666666,11.0333333,109,"KJELLER AIRPORT, NO",FM-12,99999,V020,"999,9,C,0000,5","99999,9,9,N","999999,9,9,9","-0281,1","-0306,1","10418,1","240,M,-0273,1","240,N,-0290,1","99999,9,10263,1","5,1,001,1,+999,9",,"3,99,0010,1,999",,SYN08201466 46/// /0000 11281 21306 30263 40418 55001 90300 333 11273 21290 90710 91101=,
01466099999,2024-01-08T09:00:00,4,59.9666666,11.0333333,109,"KJELLER AIRPORT, NO",FM-12,99999,V020,"999,9,C,0000,5","99999,9,9,N","999999,9,9,9","-0257,1","-0281,1","10422,1","240,M,-0256,1","240,N,-0268,1","99999,9,10269,1","3,1,004,1,+999,9",,"3,99,0010,1,999",,SYN08201466 46/// /0000 11257 21281 30269 40422 53004 90900 333 11256 21268 90710 91101=,
01466099999,2024-01-08T15:00:00,4,59.9666666,11.0333333,109,"KJELLER AIRPORT, NO",FM-12,99999,V020,"999,9,C,0000,5","99999,9,9,N","999999,9,9,9","-0187,1","-0205,1","10411,1","240,M,-0185,1","240,N,-0190,1","99999,9,10262,1","5,1,001,1,+999,9",,"3,99,0000,1,999",,SYN08201466 46/// /0000 11187 21205 30262 40411 55001 91500 333 11185 21190 90710 91100=,
01466099999,2024-01-08T21:00:00,4,59.9666666,11.0333333,109,"KJELLER AIRPORT, NO",FM-12,99999,V020,"999,9,C,0000,5","99999,9,9,N","999999,9,9,9","-0205,1","-0224,1","10412,1","240,M,-0201,1","240,N,-0210,1","99999,9,10262,1","9,9,000,1,+999,9",,"3,99,0010,1,999",,SYN08201466 46/// /0000 11205 21224 30262 40412 50000 92100 333 11201 21210 90710 91101=,
01466099999,2024-01-09T03:00:00,4,59.9666666,11.0333333,109,"KJELLER AIRPORT, NO",FM-12,99999,V020,"999,9,C,0000,5","99999,9,9,N","999999,9,9,9","-0193,1","-0212,1","10391,1","240,M,-0183,1","240,N,-0193,1","99999,9,10242,1","7,1,008,1,+999,9",,"3,99,0010,1,999",,SYN08201466 46/// /0000 11193 21212 30242 40391 57008 90300 333 11183 21193 90710 91101=,
01466099999,2024-01-09T09:00:00,4,59.9666666,11.0333333,109,"KJELLER AIRPORT, NO",FM-12,99999,V020,"999,9,C,0000,5","99999,9,9,N","999999,9,9,9","-0154,1","-0168,1","10382,1","240,M,-0154,1","240,N,-0167,1","99999,9,10235,1","5,1,001,1,+999,9",,"3,99,0010,1,999",,SYN08201466 46/// /0000 11154 21168 30235 40382 55001 90900 333 11154 21167 90710 91101=,
01466099999,2024-01-09T15:00:00,4,59.9666666,11.0333333,109,"KJELLER AIRPORT, NO",FM-12,99999,V020,"999,9,C,0000,5","99999,9,9,N","999999,9,9,9","-0144,1","-0159,1","10370,1","240,M,-0124,1","240,N,-0144,1","99999,9,10224,1","7,1,003,1,+999,9",,"3,99,0000,1,999",,SYN08201466 46/// /0000 11144 21159 30224 40370 57003 91500 333 11124 21144 90710 91100=,
01466099999,2024-01-09T21:00:00,4,59.9666666,11.0333333,109,"KJELLER AIRPORT, NO",FM-12,99999,V020,"999,9,C,0000,5","99999,9,9,N","999999,9,9,9","-0109,1","-0120,1","10368,1","240,M,-0097,1","240,N,-0110,1","99999,9,10223,1","7,1,002,1,+999,9",,"3,99,0010,1,999",,SYN08201466 46/// /0000 11109 21120 30223 40368 57002 92100 333 11097 21110 90710 91101=,
01466099999,2024-01-10T03:00:00,4,59.9666666,11.0333333,109,"KJELLER AIRPORT, NO",FM-12,99999,V020,"999,9,C,0000,5","99999,9,9,N","999999,9,9,9","-0181,1","-0194,1","10367,1","240,M,-0167,1","240,N,-0181,1","99999,9,10219,1","5,1,003,1,+999,9",,"3,99,0020,1,999",,SYN08201466 46/// /3100 11181 21194 30219 40367 55003 90300 333 11167 21181 90710 91102=,
01466099999,2024-01-10T09:00:00,4,59.9666666,11.0333333,109,"KJELLER AIRPORT, NO",FM-12,99999,V020,"999,9,C,0000,5","99999,9,9,N","999999,9,9,9","-0176,1","-0191,1","10350,1","240,M,-0172,1","240,N,-0192,1","99999,9,10202,1","5,1,002,1,+999,9",,"3,99,0010,1,999",,SYN08201466 46/// /0000 11176 21191 30202 40350 55002 90900 333 11172 21192 90710 91101=,
01466099999,2024-01-10T15:00:00,4,59.9666666,11.0333333,109,"KJELLER AIRPORT, NO",FM-12,99999,V020,"999,9,C,0000,5","99999,9,9,N","999999,9,9,9","-0155,1","-0169,1","10329,1","240,M,-0108,1","240,N,-0155,1","99999,9,10183,1","6,1,012,1,+999,9",,"3,99,0020,1,999",,SYN08201466 46/// /2400 11155 21169 30183 40329 56012 91500 333 11108 21155 90710 91102=,
01466099999,2024-01-10T21:00:00,4,59.9666666,11.0333333,109,"KJELLER AIRPORT, NO",FM-12,99999,V020,"999,9,C,0000,5","99999,9,9,N","999999,9,9,9","-0106,1","-0116,1","10318,1","240,M,-0103,1","240,N,-0114,1","99999,9,10175,1","8,1,003,1,+999,9",,"3,99,0020,1,999",,SYN08201466 46/// /0000 11106 21116 30175 40318 58003 92100 333 11103 21114 90710 91102=,
01466099999,2024-01-11T03:00:00,4,59.9666666,11.0333333,109,"KJELLER AIRPORT, NO",FM-12,99999,V020,"999,9,C,0000,5","99999,9,9,N","999999,9,9,9","-0064,1","-0073,1","10304,1","240,M,-0061,1","240,N,-0065,1","99999,9,10163,1","8,1,009,1,+999,9",,"3,99,0020,1,999",,SYN08201466 46/// /0000 11064 21073 30163 40304 58009 90300 333 11061 21065 90710 91102=,
01466099999,2024-01-11T09:00:00,4,59.9666666,11.0333333,109,"KJELLER AIRPORT, NO",FM-12,99999,V020,"220,1,N,0020,1","99999,9,9,N","999999,9,9,9","-0018,1","-0021,1","10305,1","240,M,-0018,1","240,N,-0053,1","99999,9,10166,1","3,1,007,1,+999,9",,"3,99,0050,1,999",,SYN08201466 46/// /2202 11018 21021 30166 40305 53007 90900 333 11018 21053 90710 91105=,
01466099999,2024-01-11T15:00:00,4,59.9666666,11.0333333,109,"KJELLER AIRPORT, NO",FM-12,99999,V020,"320,1,N,0010,1","99999,9,9,N","999999,9,9,9","-0034,1","-0042,1","10315,1","240,M,-0029,1","240,N,-0050,1","99999,9,10175,1","7,1,003,1,+999,9",,"3,99,0030,1,999",,SYN08201466 46/// /3201 11034 21042 30175 40315 57003 91500 333 11029 21050 90710 91103=,
01466099999,2024-01-11T21:00:00,4,59.9666666,11.0333333,109,"KJELLER AIRPORT, NO",FM-12,99999,V020,"310,1,N,0010,1","99999,9,9,N","999999,9,9,9","-0099,1","-0107,1","10312,1","240,M,-0073,1","240,N,-0100,1","99999,9,10169,1","5,1,004,1,+999,9",,"3,99,0020,1,999",,SYN08201466 46/// /3101 11099 21107 30169 40312 55004 92100 333 11073 21100 90710 91102=,
01466099999,2024-01-12T03:00:00,4,59.9666666,11.0333333,109,"KJELLER AIRPORT, NO",FM-12,99999,V020,"020,1,N,0010,1","99999,9,9,N","999999,9,9,9","-0128,1","-0136,1","10275,1","240,M,-0116,1","240,N,-0144,1","99999,9,10132,1","7,1,021,1,+999,9",,"3,99,0020,1,999",,SYN08201466 46/// /0201 11128 21136 30132 40275 57021 90300 333 11116 21144 90710 91102=,
01466099999,2024-01-12T09:00:00,4,59.9666666,11.0333333,109,"KJELLER AIRPORT, NO",FM-12,99999,V020,"130,1,N,0010,1","99999,9,9,N","999999,9,9,9","-0100,1","-0106,1","10239,1","240,M,-0100,1","240,N,-0123,1","99999,9,10097,1","6,1,015,1,+999,9",,"3,99,0030,1,999",,SYN08201466 46/// /1301 11100 21106 30097 40239 56015 90900 333 11100 21123 90710 91103=,
01466099999,2024-01-12T15:00:00,4,59.9666666,11.0333333,109,"KJELLER AIRPORT, NO",FM-12,99999,V020,"999,9,C,0000,5","99999,9,9,N","999999,9,9,9","-0080,1","-0084,1","10213,1","240,M,-0077,1","240,N,-0085,1","99999,9,10073,1","6,1,021,1,+999,9",,"3,99,0010,1,999",,SYN08201466 46/// /1200 11080 21084 30073 40213 56021 91500 333 11077 21085 90710 91101=,
01466099999,2024-01-12T21:00:00,4,59.9666666,11.0333333,109,"KJELLER AIRPORT, NO",FM-12,99999,V020,"999,9,C,0000,5","99999,9,9,N","999999,9,9,9","-0130,1","-0141,1","10168,1","240,M,-0107,1","240,N,-0130,1","99999,9,10025,1","8,1,032,1,+999,9",,"3,99,0020,1,999",,SYN08201466 46/// /0000 11130 21141 30025 40168 58032 92100 333 11107 21130 90710 91102=,
01466099999,2024-01-13T03:00:00,4,59.9666666,11.0333333,109,"KJELLER AIRPORT, NO",FM-12,99999,V020,"180,1,N,0010,1","99999,9,9,N","999999,9,9,9","-0063,1","-0063,1","10066,1","240,M,-0060,1","240,N,-0083,1","99999,9,09928,1","8,1,058,1,+999,9",,"3,99,0020,1,999",,SYN08201466 46/// /1801 11063 21063 39928 40066 58058 90300 333 11060 21083 90710 91102=,
01466099999,2024-01-13T09:00:00,4,59.9666666,11.0333333,109,"KJELLER AIRPORT, NO",FM-12,99999,V020,"999,9,C,0000,5","99999,9,9,N","999999,9,9,9","-0047,1","-0047,1","09995,1","240,M,-0042,1","240,N,-0047,1","99999,9,09859,1","6,1,023,1,+999,9",,"3,99,0010,1,999",,SYN08201466 46/// /0000 11047 21047 39859 49995 56023 90900 333 11042 21047 90710 91101=,
01466099999,2024-01-13T15:00:00,4,59.9666666,11.0333333,109,"KJELLER AIRPORT, NO",FM-12,99999,V020,"999,9,C,0000,5","99999,9,9,N","999999,9,9,9","-0064,1","-0067,1","09980,1","240,M,-0059,1","240,N,-0073,1","99999,9,09844,1","7,1,005,1,+999,9",,"3,99,0020,1,999",,SYN08201466 46/// /0000 11064 21067 39844 49980 57005 91500 333 11059 21073 90710 91102=,
01466099999,2024-01-13T21:00:00,4,59.9666666,11.0333333,109,"KJELLER AIRPORT, NO",FM-12,99999,V020,"150,1,N,0010,1","99999,9,9,N","999999,9,9,9","-0070,1","-0075,1","09976,1","240,M,-0063,1","240,N,-0083,1","99999,9,09839,1","7,1,002,1,+999,9",,"3,99,0030,1,999",,SYN08201466 46/// /1501 11070 21075 39839 49976 57002 92100 333 11063 21083 90710 91103=,
01466099999,2024-01-14T03:00:00,4,59.9666666,11.0333333,109,"KJELLER AIRPORT, NO",FM-12,99999,V020,"130,1,N,0010,1","99999,9,9,N","999999,9,9,9","-0104,1","-0114,1","09968,1","240,M,-0092,1","240,N,-0111,1","99999,9,09830,1","7,1,007,1,+999,9",,"3,99,0030,1,999",,SYN08201466 46/// /1301 11104 21114 39830 49968 57007 90300 333 11092 21111 90710 91103=,
01466099999,2024-01-14T09:00:00,4,59.9666666,11.0333333,109,"KJELLER AIRPORT, NO",FM-12,99999,V020,"999,9,C,0000,5","99999,9,9,N","999999,9,9,9","-0078,1","-0083,1","09926,1","240,M,-0074,1","240,N,-0080,1","99999,9,09790,1","6,1,020,1,+999,9",,"3,99,0010,1,999",,SYN08201466 46/// /0000 11078 21083 39790 49926 56020 90900 333 11074 21080 90710 91101=,
01466099999,2024-01-14T15:00:00,4,59.9666666,11.0333333,109,"KJELLER AIRPORT, NO",FM-12,99999,V020,"240,1,N,0010,1","99999,9,9,N","999999,9,9,9","-0037,1","-0046,1","09863,1","240,M,-0035,1","240,N,-0040,1","99999,9,09729,1","6,1,030,1,+999,9",,"3,99,0020,1,999",,SYN08201466 46/// /2401 11037 21046 39729 49863 56030 91500 333 11035 21040 90710 91102=,
01466099999,2024-01-14T21:00:00,4,59.9666666,11.0333333,109,"KJELLER AIRPORT, NO",FM-12,99999,V020,"010,1,N,0070,1","99999,9,9,N","999999,9,9,9","-0031,1","-0037,1","09866,1","240,M,-0023,1","240,N,-0032,1","99999,9,09733,1","3,1,024,1,+999,9",,"3,99,0130,1,999",,SYN08201466 46/// /0107 11031 21037 39733 49866 53024 92100 333 11023 21032 90710 91113=,
01466099999,2024-01-15T03:00:00,4,59.9666666,11.0333333,109,"KJELLER AIRPORT, NO",FM-12,99999,V020,"020,1,N,0050,1","99999,9,9,N","999999,9,9,9","-0071,1","-0109,1","09904,1","240,M,-0062,1","240,N,-0071,1","99999,9,09769,1","1,1,010,1,+999,9",,"3,99,0090,1,999",,SYN08201466 46/// /0205 11071 21109 39769 49904 51010 90300 333 11062 21071 90710 91109=,
01466099999,2024-01-15T09:00:00,4,59.9666666,11.0333333,109,"KJELLER AIRPORT, NO",FM-12,99999,V020,"999,9,C,0000,5","99999,9,9,N","999999,9,9,9","-0186,1","-0203,1","09953,1","240,M,-0176,1","240,N,-0199,1","99999,9,09811,1","2,1,026,1,+999,9",,"3,99,0020,1,999",,SYN08201466 46/// /0000 11186 21203 39811 49953 52026 90900 333 11176 21199 90710 91102=,
01466099999,2024-01-15T15:00:00,4,59.9666666,11.0333333,109,"KJELLER AIRPORT, NO",FM-12,99999,V020,"999,9,C,0000,5","99999,9,9,N","999999,9,9,9","-0169,1","-0184,1","09971,1","240,M,-0133,1","240,N,-0170,1","99999,9,09829,1","3,1,012,1,+999,9",,"3,99,0010,1,999",,SYN08201466 46/// /0000 11169 21184 39829 49971 53012 91500 333 11133 21170 90710 91101=,
01466099999,2024-01-15T21:00:00,4,59.9666666,11.0333333,109,"KJELLER AIRPORT, NO",FM-12,99999,V020,"999,9,C,0000,5","99999,9,9,N","999999,9,9,9","-0244,1","-0264,1","10015,1","240,M,-0238,1","240,N,-0250,1","99999,9,09868,1","2,1,019,1,+999,9",,"3,99,0010,1,999",,SYN08201466 46/// /0000 11244 21264 39868 40015 52019 92100 333 11238 21250 90710 91101=,
01466099999,2024-01-16T03:00:00,4,59.9666666,11.0333333,109,"KJELLER AIRPORT, NO",FM-12,99999,V020,"999,9,C,0000,5","99999,9,9,N","999999,9,9,9","-0274,1","-0298,1","10030,1","240,M,-0272,1","240,N,-0284,1","99999,9,09881,1","2,1,003,1,+999,9",,"3,99,0000,1,999",,SYN08201466 46/// /0000 11274 21298 39881 40030 52003 90300 333 11272 21284 90710 91100=,
01466099999,2024-01-16T09:00:00,4,59.9666666,11.0333333,109,"KJELLER AIRPORT, NO",FM-12,99999,V020,"999,9,C,0000,5","99999,9,9,N","999999,9,9,9","-0236,1","-0257,1","10022,1","240,M,-0235,1","240,N,-0244,1","99999,9,09875,1","8,1,003,1,+999,9",,"3,99,0010,1,999",,SYN08201466 46/// /0000 11236 21257 39875 40022 58003 90900 333 11235 21244 90710 91101=,
01466099999,2024-01-16T15:00:00,4,59.9666666,11.0333333,109,"KJELLER AIRPORT, NO",FM-12,99999,V020,"999,9,C,0000,5","99999,9,9,N","999999,9,9,9","-0173,1","-0188,1","09983,1","240,M,-0173,1","240,N,-0179,1","99999,9,09841,1","7,1,020,1,+999,9",,"3,99,0010,1,999",,SYN08201466 46/// /0000 11173 21188 39841 49983 57020 91500 333 11173 21179 90710 91101=,
01466099999,2024-01-16T21:00:00,4,59.9666666,11.0333333,109,"KJELLER AIRPORT, NO",FM-12,99999,V020,"999,9,C,0000,5","99999,9,9,N","999999,9,9,9","-0142,1","-0154,1","09915,1","240,M,-0142,1","240,N,-0147,1","99999,9,09776,1","8,1,038,1,+999,9",,"3,99,0010,1,999",,SYN08201466 46/// /0000 11142 21154 39776 49915 58038 92100 333 11142 21147 90710 91101=,
01466099999,2024-01-17T03:00:00,4,59.9666666,11.0333333,109,"KJELLER AIRPORT, NO",FM-12,99999,V020,"070,1,N,0010,1","99999,9,9,N","999999,9,9,9","-0126,1","-0139,1","09881,1","240,M,-0125,1","240,N,-0127,1","99999,9,09743,1","8,1,018,1,+999,9",,"3,99,0030,1,999",,SYN08201466 46/// /0701 11126 21139 39743 49881 58018 90300 333 11125 21127 90710 91103=,
01466099999,2024-01-17T09:00:00,4,59.9666666,11.0333333,109,"KJELLER AIRPORT, NO",FM-12,99999,V020,"010,1,N,0080,1","99999,9,9,N","999999,9,9,9","-0084,1","-0090,1","09766,1","240,M,-0084,1","240,N,-0092,1","99999,9,09631,1","8,1,065,1,+999,9",,"3,99,0120,1,999",,SYN08201466 46/// /0108 11084 21090 39631 49766 58065 90900 333 11084 21092 90710 91112=,
01466099999,2024-01-17T15:00:00,4,59.9666666,11.0333333,109,"KJELLER AIRPORT, NO",FM-12,99999,V020,"320,1,N,0030,1","99999,9,9,N","999999,9,9,9","-0066,1","-0072,1","09769,1","240,M,-0063,1","240,N,-0066,1","99999,9,09635,1","3,1,024,1,+999,9",,"3,99,0090,1,999",,SYN08201466 46/// /3203 11066 21072 39635 49769 53024 91500 333 11063 21066 90710 91109=,
01466099999,2024-01-17T21:00:00,4,59.9666666,11.0333333,109,"KJELLER AIRPORT, NO",FM-12,99999,V020,"230,1,N,0010,1","99999,9,9,N","999999,9,9,9","-0076,1","-0092,1","09815,1","240,M,-0069,1","240,N,-0076,1","99999,9,09681,1","1,1,022,1,+999,9",,"3,99,0030,1,999",,SYN08201466 46/// /2301 11076 21092 39681 49815 51022 92100 333 11069 21076 90710 91103=,
01466099999,2024-01-18T03:00:00,4,59.9666666,11.0333333,109,"KJELLER AIRPORT, NO",FM-12,99999,V020,"999,9,C,0000,5","99999,9,9,N","999999,9,9,9","-0167,1","-0186,1","09855,1","240,M,-0126,1","240,N,-0167,1","99999,9,09715,1","9,9,014,1,+999,9",,"3,99,0020,1,999",,SYN08201466 46/// /0000 11167 21186 39715 49855 50014 90300 333 11126 21167 90710 91102=,
01466099999,2024-01-18T09:00:00,4,59.9666666,11.0333333,109,"KJELLER AIRPORT, NO",FM-12,99999,V020,"999,9,C,0000,5","99999,9,9,N","999999,9,9,9","-0193,1","-0210,1","09881,1","240,M,-0193,1","240,N,-0221,1","99999,9,09739,1","1,1,011,1,+999,9",,"3,99,0000,1,999",,SYN08201466 46/// /0000 11193 21210 39739 49881 51011 90900 333 11193 21221 90710 91100=,
01466099999,2024-01-18T15:00:00,4,59.9666666,11.0333333,109,"KJELLER AIRPORT, NO",FM-12,99999,V020,"999,9,C,0000,5","99999,9,9,N","999999,9,9,9","-0184,1","-0197,1","09903,1","240,M,-0156,1","240,N,-0185,1","99999,9,09762,1","3,1,009,1,+999,9",,"3,99,0000,1,999",,SYN08201466 46/// /0000 11184 21197 39762 49903 53009 91500 333 11156 21185 90710 91100=,
01466099999,2024-01-18T21:00:00,4,59.9666666,11.0333333,109,"KJELLER AIRPORT, NO",FM-12,99999,V020,"999,9,C,0000,5","99999,9,9,N","999999,9,9,9","-0236,1","-0255,1","09925,1","240,M,-0222,1","240,N,-0244,1","99999,9,09780,1","2,1,009,1,+999,9",,"3,99,0010,1,999",,SYN08201466 46/// /0000 11236 21255 39780 49925 52009 92100 333 11222 21244 90710 91101=,
01466099999,2024-01-19T03:00:00,4,59.9666666,11.0333333,109,"KJELLER AIRPORT, NO",FM-12,99999,V020,"999,9,C,0000,5","99999,9,9,N","999999,9,9,9","-0245,1","-0264,1","09953,1","240,M,-0244,1","240,N,-0260,1","99999,9,09807,1","2,1,016,1,+999,9",,"3,99,0000,1,999",,SYN08201466 46/// /0000 11245 21264 39807 49953 52016 90300 333 11244 21260 90710 91100=,
01466099999,2024-01-19T09:00:00,4,59.9666666,11.0333333,109,"KJELLER AIRPORT, NO",FM-12,99999,V020,"999,9,C,0000,5","99999,9,9,N","999999,9,9,9","-0230,1","-0249,1","09978,1","240,M,-0219,1","240,N,-0233,1","99999,9,09833,1","2,1,014,1,+999,9",,"3,99,0010,1,999",,SYN08201466 46/// /0000 11230 21249 39833 49978 52014 90900 333 11219 21233 90710 91101=,
01466099999,2024-01-19T15:00:00,4,59.9666666,11.0333333,109,"KJELLER AIRPORT, NO",FM-12,99999,V020,"999,9,C,0000,5","99999,9,9,N","999999,9,9,9","-0214,1","-0235,1","10004,1","240,M,-0188,1","240,N,-0214,1","99999,9,09859,1","3,1,014,1,+999,9",,"3,99,0010,1,999",,SYN08201466 46/// /0000 11214 21235 39859 40004 53014 91500 333 11188 21214 90710 91101=,
01466099999,2024-01-19T21:00:00,4,59.9666666,11.0333333,109,"KJELLER AIRPORT, NO",FM-12,99999,V020,"999,9,C,0000,5","99999,9,9,N","999999,9,9,9","-0246,1","-0268,1","10062,1","240,M,-0243,1","240,N,-0265,1","99999,9,09915,1","3,1,027,1,+999,9",,"3,99,0010,1,999",,SYN08201466 46/// /0000 11246 21268 39915 40062 53027 92100 333 11243 21265 90710 91101=,
01466099999,2024-01-20T03:00:00,4,59.9666666,11.0333333,109,"KJELLER AIRPORT, NO",FM-12,99999,V020,"310,1,N,0010,1","99999,9,9,N","999999,9,9,9","-0272,1","-0298,1","10108,1","240,M,-0249,1","240,N,-0273,1","99999,9,09958,1","2,1,023,1,+999,9",,"3,99,0020,1,999",,SYN08201466 46/// /3101 11272 21298 39958 40108 52023 90300 333 11249 21273 90710 91102=,
01466099999,2024-01-20T09:00:00,4,59.9666666,11.0333333,109,"KJELLER AIRPORT, NO",FM-12,99999,V020,"999,9,C,0000,5","99999,9,9,N","999999,9,9,9","-0272,1","-0297,1","10174,1","240,M,-0272,1","240,N,-0293,1","99999,9,10023,1","2,1,030,1,+999,9",,"3,99,0000,1,999",,SYN08201466 46/// /0000 11272 21297 30023 40174 52030 90900 333 11272 21293 90710 91100=,
01466099999,2024-01-20T15:00:00,4,59.9666666,11.0333333,109,"KJELLER AIRPORT, NO",FM-12,99999,V020,"999,9,C,0000,5","99999,9,9,N","999999,9,9,9","-0183,1","-0201,1","10190,1","240,M,-0181,1","240,N,-0187,1","99999,9,10044,1","2,1,008,1,+999,9",,"3,99,0010,1,999",,SYN08201466 46/// /0000 11183 21201 30044 40190 52008 91500 333 11181 21187 90710 91101=,
01466099999,2024-01-20T21:00:00,4,59.9666666,11.0333333,109,"KJELLER AIRPORT, NO",FM-12,99999,V020,"999,9,C,0000,5","99999,9,9,N","999999,9,9,9","-0151,1","-0165,1","10168,1","240,M,-0151,1","240,N,-0157,1","99999,9,10025,1","8,1,015,1,+999,9",,"3,99,0000,1,999",,SYN08201466 46/// /0000 11151 21165 30025 40168 58015 92100 333 11151 21157 90710 91100=,
01466099999,2024-01-21T03:00:00,4,59.9666666,11.0333333,109,"KJELLER AIRPORT, NO",FM-12,99999,V020,"999,9,C,0000,5","99999,9,9,N","999999,9,9,9","-0121,1","-0131,1","10130,1","240,M,-0121,1","240,N,-0124,1","99999,9,09989,1","8,1,021,1,+999,9",,"3,99,0000,1,999",,SYN08201466 46/// /0000 11121 21131 39989 40130 58021 90300 333 11121 21124 90710 91100=,
01466099999,2024-01-21T09:00:00,4,59.9666666,11.0333333,109,"KJELLER AIRPORT, NO",FM-12,99999,V020,"999,9,C,0000,5","99999,9,9,N","999999,9,9,9","-0087,1","-0093,1","10070,1","240,M,-0087,1","240,N,-0091,1","99999,9,09931,1","7,1,029,1,+999,9",,"3,99,0000,1,999",,SYN08201466 46/// /0000 11087 21093 39931 40070 57029 90900 333 11087 21091 90710 91100=,
01466099999,2024-01-21T15:00:00,4,59.9666666,11.0333333,109,"KJELLER AIRPORT, NO",FM-12,99999,V020,"190,1,N,0020,1","99999,9,9,N","999999,9,9,9","+0008,1","+0003,1","10015,1","240,M,+0009,1","240,N,+0007,1","99999,9,09882,1","6,1,021,1,+999,9",,"3,99,0080,1,999",,SYN08201466 46/// /1902 10008 20003 39882 40015 56021 91500 333 10009 20007 90710 91108=,
01466099999,2024-01-21T21:00:00,4,59.9666666,11.0333333,109,"KJELLER AIRPORT, NO",FM-12,99999,V020,"120,1,N,0030,1","99999,9,9,N","999999,9,9,9","+0013,1","+0013,1","09987,1","240,M,+0013,1","240,N,+0009,1","99999,9,09854,1","8,1,020,1,+999,9",,"3,99,0040,1,999",,SYN08201466 46/// /1203 10013 20013 39854 49987 58020 92100 333 10013 20009 90710 91104=,
01466099999,2024-01-22T03:00:00,4,59.9666666,11.0333333,109,"KJELLER AIRPORT, NO",FM-12,99999,V020,"150,1,N,0060,1","99999,9,9,N","999999,9,9,9","+0030,1","+0022,1","09829,2","240,M,+0030,1","240,N,+0009,1","99999,9,09699,2","6,1,081,1,+999,9",,"3,99,0110,1,999",,SYN08201466 46/// /1506 10030 20022 39699 49829 56081 90300 333 10030 20009 90710 91111=,
01466099999,2024-01-22T09:00:00,4,59.9666666,11.0333333,109,"KJELLER AIRPORT, NO",FM-12,99999,V020,"200,1,N,0070,1","99999,9,9,N","999999,9,9,9","+0062,1","+0050,1","09714,2","240,M,+0065,1","240,N,+0062,1","99999,9,09587,2","6,1,041,1,+999,9",,"3,99,0160,1,999",,SYN08201466 46/// /2007 10062 20050 39587 49714 56041 90900 333 10065 20062 90710 91116=,
01466099999,2024-01-22T15:00:00,4,59.9666666,11.0333333,109,"KJELLER AIRPORT, NO",FM-12,99999,V020,"220,1,N,0060,1","99999,9,9,N","999999,9,9,9","+0073,1","+0014,1","09731,1","240,M,+0073,1","240,N,+0067,1","99999,9,09604,1","3,1,037,1,+999,9",,"3,99,0110,1,999",,SYN08201466 46/// /2206 10073 20014 39604 49731 53037 91500 333 10073 20067 90710 91111=,
01466099999,2024-01-22T21:00:00,4,59.9666666,11.0333333,109,"KJELLER AIRPORT, NO",FM-12,99999,V020,"210,1,N,0050,1","99999,9,9,N","999999,9,9,9","+0037,1","-0004,1","09799,1","240,M,+0044,1","240,N,+0037,1","99999,9,09670,1","9,9,024,1,+999,9",,"3,99,0090,1,999",,SYN08201466 46/// /2105 10037 21004 39670 49799 50024 92100 333 10044 20037 90710 91109=,
01466099999,2024-01-23T03:00:00,4,59.9666666,11.0333333,109,"KJELLER AIRPORT, NO",FM-12,99999,V020,"220,1,N,0050,1","99999,9,9,N","999999,9,9,9","+0048,1","-0002,1","09823,1","240,M,+0048,1","240,N,+0032,1","99999,9,09694,1","1,1,008,1,+999,9",,"3,99,0110,1,999",,SYN08201466 46/// /2205 10048 21002 39694 49823 51008 90300 333 10048 20032 90710 91111=,
01466099999,2024-01-23T09:00:00,4,59.9666666,11.0333333,109,"KJELLER AIRPORT, NO",FM-12,99999,V020,"270,1,N,0050,1","99999,9,9,N","999999,9,9,9","+0072,1","-0027,1","09934,1","240,M,+0073,1","240,N,+0069,1","99999,9,09804,1","3,1,074,1,+999,9",,"3,99,0100,1,999",,SYN08201466 46/// /2705 10072 21027 39804 49934 53074 90900 333 10073 20069 90710 91110=,
01466099999,2024-01-23T15:00:00,4,59.9666666,11.0333333,109,"KJELLER AIRPORT, NO",FM-12,99999,V020,"999,9,C,0000,5","99999,9,9,N","999999,9,9,9","+0027,1","-0036,1","10031,2","240,M,+0076,1","240,N,+0027,1","99999,9,09899,2","3,1,033,1,+999,9",,"3,99,0030,1,999",,SYN08201466 46/// /0000 10027 21036 39899 40031 53033 91500 333 10076 20027 90710 91103=,
01466099999,2024-01-23T21:00:00,4,59.9666666,11.0333333,109,"KJELLER AIRPORT, NO",FM-12,99999,V020,"130,1,N,0030,1","99999,9,9,N","999999,9,9,9","+0011,1","-0022,1","09986,1","240,M,+0012,1","240,N,+0002,1","99999,9,09853,1","6,1,043,1,+999,9",,"3,99,0040,1,999",,SYN08201466 46/// /1303 10011 21022 39853 49986 56043 92100 333 10012 20002 90710 91104=,
01466099999,2024-01-24T03:00:00,4,59.9666666,11.0333333,109,"KJELLER AIRPORT, NO",FM-12,99999,V020,"999,9,C,0000,5","99999,9,9,N","999999,9,9,9","+0006,1","+0006,1","09865,2","240,M,+0007,1","240,N,+0005,1","99999,9,09734,1","6,1,072,1,+999,9",,"3,99,0040,1,999",,SYN08201466 46/// /0800 10006 20006 39734 49865 56072 90300 333 10007 20005 90710 91104=,
01466099999,2024-01-24T09:00:00,4,59.9666666,11.0333333,109,"KJELLER AIRPORT, NO",FM-12,99999,V020,"330,1,N,0010,1","99999,9,9,N","999999,9,9,9","+0009,1","+0009,1","09830,1","240,M,+0009,1","240,N,+0008,1","99999,9,09699,1","2,1,004,1,+999,9",,"3,99,0020,1,999",,SYN08201466 46/// /3301 10009 20009 39699 49830 52004 90900 333 10009 20008 90710 91102=,
01466099999,2024-01-24T15:00:00,4,59.9666666,11.0333333,109,"KJELLER AIRPORT, NO",FM-12,99999,V020,"999,9,C,0000,5","99999,9,9,N","999999,9,9,9","+0012,1","+0007,1","09887,1","240,M,+0016,1","240,N,+0012,1","99999,9,09756,1","3,1,035,1,+999,9",,"3,99,0010,1,999",,SYN08201466 46/// /0000 10012 20007 39756 49887 53035 91500 333 10016 20012 90710 91101=,
01466099999,2024-01-24T21:00:00,4,59.9666666,11.0333333,109,"KJELLER AIRPORT, NO",FM-12,99999,V020,"999,9,C,0000,5","99999,9,9,N","999999,9,9,9","-0012,1","-0012,1","09975,1","240,M,-0009,1","240,N,-0018,1","99999,9,09841,1","3,1,045,1,+999,9",,"3,99,0000,1,999",,SYN08201466 46/// /0000 11012 21012 39841 49975 53045 92100 333 11009 21018 90710 91100=,
01466099999,2024-01-25T03:00:00,4,59.9666666,11.0333333,109,"KJELLER AIRPORT, NO",FM-12,99999,V020,"999,9,C,0000,5","99999,9,9,N","999999,9,9,9","-0031,1","-0031,1","10084,1","240,M,-0030,1","240,N,-0041,1","99999,9,09948,1","2,1,053,1,+999,9",,"3,99,0020,1,999",,SYN08201466 46/// /0000 11031 21031 39948 40084 52053 90300 333 11030 21041 90710 91102=,
01466099999,2024-01-25T08:00:00,4,59.9666666,11.0333333,109,"KJELLER AIRPORT, NO",FM-12,99999,V020,"330,1,N,0004,1","99999,9,9,9","999999,9,9,9","-0055,1","-0057,1","10158,1","120,M,-0036,1","120,N,-0056,1","99999,9,10019,1","3,1,041,1,+999,9",,"3,99,0016,1,319","9,99,0007,1,999",SYN004BUFR,
01466099999,2024-01-25T09:00:00,4,59.9666666,11.0333333,109,"KJELLER AIRPORT, NO",FM-12,99999,V020,"999,9,C,0000,5","99999,9,9,N","999999,9,9,9","-0046,1","-0048,1","10167,1","240,M,-0039,1","240,N,-0059,1","99999,9,10029,1","1,1,038,1,+999,9",,"3,99,0020,1,999",,SYN08201466 46/// /3000 11046 21048 30029 40167 51038 90900 333 11039 21059 90710 91102=,
01466099999,2024-01-25T15:00:00,4,59.9666666,11.0333333,109,"KJELLER AIRPORT, NO",FM-12,99999,V020,"999,9,C,0000,5","99999,9,9,N","999999,9,9,9","-0019,1","-0026,1","10193,1","240,M,+0011,1","240,N,-0022,1","99999,9,10056,1","1,1,010,1,+999,9",,"3,99,0020,1,999",,SYN08201466 46/// /0000 11019 21026 30056 40193 51010 91500 333 10011 21022 90710 91102=,
01466099999,2024-01-25T21:00:00,4,59.9666666,11.0333333,109,"KJELLER AIRPORT, NO",FM-12,99999,V020,"999,9,C,0000,5","99999,9,9,N","999999,9,9,9","-0094,1","-0099,1","10205,1","240,M,-0080,1","240,N,-0094,1","99999,9,10064,1","7,1,004,1,+999,9",,"3,99,0000,1,999",,SYN08201466 46/// /0000 11094 21099 30064 40205 57004 92100 333 11080 21094 90710 91100=,
01466099999,2024-01-26T03:00:00,4,59.9666666,11.0333333,109,"KJELLER AIRPORT, NO",FM-12,99999,V020,"999,9,C,0000,5","99999,9,9,N","999999,9,9,9","-0064,1","-0066,1","10159,1","240,M,-0063,1","240,N,-0067,1","99999,9,10020,1","8,1,028,1,+999,9",,"3,99,0000,1,999",,SYN08201466 46/// /0000 11064 21066 30020 40159 58028 90300 333 11063 21067 90710 91100=,
01466099999,2024-01-26T09:00:00,4,59.9666666,11.0333333,109,"KJELLER AIRPORT, NO",FM-12,99999,V020,"070,1,N,0030,1","99999,9,9,N","999999,9,9,9","-0014,1","-0014,1","10058,1","240,M,-0013,1","240,N,-0031,1","99999,9,09923,1","8,1,054,1,+999,9",,"3,99,0040,1,999",,SYN08201466 46/// /0703 11014 21014 39923 40058 58054 90900 333 11013 21031 90710 91104=,
01466099999,2024-01-26T15:00:00,4,59.9666666,11.0333333,109,"KJELLER AIRPORT, NO",FM-12,99999,V020,"320,1,N,0010,1","99999,9,9,N","999999,9,9,9","-0003,1","-0003,1","10002,1","240,M,-0003,1","240,N,-0004,1","99999,9,09868,1","5,1,008,1,+999,9",,"3,99,0020,1,999",,SYN08201466 46/// /3201 11003 21003 39868 40002 55008 91500 333 11003 21004 90710 91102=,
01466099999,2024-01-26T21:00:00,4,59.9666666,11.0333333,109,"KJELLER AIRPORT, NO",FM-12,99999,V020,"290,1,N,0020,1","99999,9,9,N","999999,9,9,9","-0021,1","-0021,1","10102,1","240,M,-0012,1","240,N,-0037,1","99999,9,09966,1","2,1,057,1,+999,9",,"3,99,0020,1,999",,SYN08201466 46/// /2902 11021 21021 39966 40102 52057 92100 333 11012 21037 90710 91102=,
01466099999,2024-01-27T03:00:00,4,59.9666666,11.0333333,109,"KJELLER AIRPORT, NO",FM-12,99999,V020,"999,9,C,0000,5","99999,9,9,N","999999,9,9,9","-0097,1","-0097,1","10176,1","240,M,-0082,1","240,N,-0114,1","99999,9,10036,1","1,1,024,1,+999,9",,"3,99,0000,1,999",,SYN08201466 46/// /0000 11097 21097 30036 40176 51024 90300 333 11082 21114 90710 91100=,
01466099999,2024-01-27T09:00:00,4,59.9666666,11.0333333,109,"KJELLER AIRPORT, NO",FM-12,99999,V020,"999,9,C,0000,5","99999,9,9,N","999999,9,9,9","-0094,1","-0100,1","10188,1","240,M,-0094,1","240,N,-0130,1","99999,9,10047,1","2,1,006,1,+999,9",,"3,99,0000,1,999",,SYN08201466 46/// /0000 11094 21100 30047 40188 52006 90900 333 11094 21130 90710 91100=,
01466099999,2024-01-27T15:00:00,4,59.9666666,11.0333333,109,"KJELLER AIRPORT, NO",FM-12,99999,V020,"999,9,C,0000,5","99999,9,9,N","999999,9,9,9","+0003,1","+0003,1","10177,1","240,M,+0005,1","240,N,-0012,1","99999,9,10042,1","8,1,005,1,+999,9",,"3,99,0020,1,999",,SYN08201466 46/// /0000 10003 20003 30042 40177 58005 91500 333 10005 21012 90710 91102=,
01466099999,2024-01-27T21:00:00,4,59.9666666,11.0333333,109,"KJELLER AIRPORT, NO",FM-12,99999,V020,"200,1,N,0020,1","99999,9,9,N","999999,9,9,9","+0034,1","+0029,1","10192,1","240,M,+0035,1","240,N,+0002,1","99999,9,10057,1","1,1,011,1,+999,9",,"3,99,0050,1,999",,SYN08201466 46/// /2002 10034 20029 30057 40192 51011 92100 333 10035 20002 90710 91105=,
01466099999,2024-01-28T03:00:00,4,59.9666666,11.0333333,109,"KJELLER AIRPORT, NO",FM-12,99999,V020,"170,1,N,0010,1","99999,9,9,N","999999,9,9,9","+0008,1","+0008,1","10209,1","240,M,+0011,1","240,N,-0008,1","99999,9,10073,1","3,1,003,1,+999,9",,"3,99,0020,1,999",,SYN08201466 46/// /1701 10008 20008 30073 40209 53003 90300 333 10011 21008 90710 91102=,
01466099999,2024-01-28T09:00:00,4,59.9666666,11.0333333,109,"KJELLER AIRPORT, NO",FM-12,99999,V020,"200,1,N,0030,1","99999,9,9,N","999999,9,9,9","+0043,1","+0033,1","10213,1","240,M,+0043,1","240,N,+0037,1","99999,9,10079,1","9,9,003,1,+999,9",,"3,99,0070,1,999",,SYN08201466 46/// /2003 10043 20033 30079 40213 50003 90900 333 10043 20037 90710 91107=,
01466099999,2024-01-28T15:00:00,4,59.9666666,11.0333333,109,"KJELLER AIRPORT, NO",FM-12,99999,V020,"180,1,N,0050,1","99999,9,9,N","999999,9,9,9","+0041,1","+0020,1","10189,1","240,M,+0045,1","240,N,+0041,1","99999,9,10055,1","8,1,017,1,+999,9",,"3,99,0100,1,999",,SYN08201466 46/// /1805 10041 20020 30055 40189 58017 91500 333 10045 20041 90710 91110=,
01466099999,2024-01-28T21:00:00,4,59.9666666,11.0333333,109,"KJELLER AIRPORT, NO",FM-12,99999,V020,"180,1,N,0050,1","99999,9,9,N","999999,9,9,9","+0039,1","+0015,1","10160,1","240,M,+0041,1","240,N,+0039,1","99999,9,10026,1","6,1,017,1,+999,9",,"3,99,0100,1,999",,SYN08201466 46/// /1805 10039 20015 30026 40160 56017 92100 333 10041 20039 90710 91110=,
01466099999,2024-01-29T03:00:00,4,59.9666666,11.0333333,109,"KJELLER AIRPORT, NO",FM-12,99999,V020,"180,1,N,0050,1","99999,9,9,N","999999,9,9,9","+0040,1","+0017,1","10121,1","240,M,+0041,1","240,N,+0039,1","99999,9,09988,1","6,1,021,1,+999,9",,"3,99,0110,1,999",,SYN08201466 46/// /1805 10040 20017 39988 40121 56021 90300 333 10041 20039 90710 91111=,
01466099999,2024-01-29T09:00:00,4,59.9666666,11.0333333,109,"KJELLER AIRPORT, NO",FM-12,99999,V020,"200,1,N,0010,1","99999,9,9,N","999999,9,9,9","+0042,1","+0031,1","10168,1","240,M,+0042,1","240,N,+0035,1","99999,9,10034,1","3,1,029,1,+999,9",,"3,99,0040,1,999",,SYN08201466 46/// /2001 10042 20031 30034 40168 53029 90900 333 10042 20035 90710 91104=,
01466099999,2024-01-29T15:00:00,4,59.9666666,11.0333333,109,"KJELLER AIRPORT, NO",FM-12,99999,V020,"999,9,C,0000,5","99999,9,9,N","999999,9,9,9","+0040,1","+0006,1","10225,1","240,M,+0052,1","240,N,+0040,1","99999,9,10090,1","3,1,027,1,+999,9",,"3,99,0020,1,999",,SYN08201466 46/// /0000 10040 20006 30090 40225 53027 91500 333 10052 20040 90710 91102=,
01466099999,2024-01-29T21:00:00,4,59.9666666,11.0333333,109,"KJELLER AIRPORT, NO",FM-12,99999,V020,"260,1,N,0010,1","99999,9,9,N","999999,9,9,9","-0009,1","-0010,1","10259,1","240,M,-0008,1","240,N,-0015,1","99999,9,10122,1","3,1,012,1,+999,9",,"3,99,0030,1,999",,SYN08201466 46/// /2601 11009 21010 30122 40259 53012 92100 333 11008 21015 90710 91103=,
01466099999,2024-01-30T03:00:00,4,59.9666666,11.0333333,109,"KJELLER AIRPORT, NO",FM-12,99999,V020,"999,9,C,0000,5","99999,9,9,N","999999,9,9,9","-0032,1","-0032,1","10258,1","240,M,-0028,1","240,N,-0038,1","99999,9,10120,1","8,1,006,1,+999,9",,"3,99,0000,1,999",,SYN08201466 46/// /0000 11032 21032 30120 40258 58006 90300 333 11028 21038 90710 91100=,
01466099999,2024-02-06T10:00:00,4,59.9666666,11.0333333,109,"KJELLER AIRPORT, NO",FM-12,99999,V020,"999,9,C,0000,1","99999,9,9,9","999999,9,9,9","-0132,1","-0144,1","09979,1","120,M,-0132,1","120,N,-0158,1","99999,9,09839,1","8,1,017,1,+999,9",,"3,99,0009,1,237","9,99,0000,1,999",SYN004BUFR,
01466099999,2024-02-06T11:00:00,4,59.9666666,11.0333333,109,"KJELLER AIRPORT, NO",FM-12,99999,V020,"999,9,C,0000,1","99999,9,9,9","999999,9,9,9","-0130,1","-0142,1","09972,1","120,M,-0128,1","120,N,-0136,1","99999,9,09833,1","8,1,020,1,+999,9",,"3,99,0014,1,304","9,99,0012,1,999",SYN004BUFR,
01466099999,2024-02-19T02:00:00,4,59.9666666,11.0333333,109,"KJELLER AIRPORT, NO",FM-12,99999,V020,"999,9,C,0000,1","99999,9,9,9","999999,9,9,9","-0027,1","-0030,1","10168,1",,,"99999,9,10031,1","8,1,011,1,+999,9",,"3,99,0025,1,262","9,99,0000,1,999",SYN004BUFR,
01466099999,2024-02-25T17:00:00,4,59.9666666,11.0333333,109,"KJELLER AIRPORT, NO",FM-12,99999,V020,"112,1,N,0018,1","99999,9,9,9","999999,9,9,9","+0025,1","+0019,1","10042,1","120,M,+0030,1","120,N,+0025,1","99999,9,09909,1","3,1,012,1,+999,9",,"3,99,0027,1,131","9,99,0020,1,999",SYN004BUFR,
01466099999,2024-04-10T16:00:00,4,59.9666666,11.0333333,109,"KJELLER AIRPORT, NO",FM-12,99999,V020,"272,1,N,0086,1","99999,9,9,9","999999,9,9,9","+0106,1","-0032,1","10109,1","120,M,+0113,1","120,N,+0106,1","99999,9,09979,1","2,1,043,1,+999,9","0171,1","3,99,0171,1,256","9,99,0106,1,999",SYN004BUFR,
01466099999,2024-05-16T05:00:00,4,59.9666666,11.0333333,109,"KJELLER AIRPORT, NO",FM-12,99999,V020,"999,9,C,0000,1","99999,9,9,9","999999,9,9,9","+0122,1","+0078,1","10213,1",,,"99999,9,10082,1","2,1,006,1,+999,9",,"3,99,0008,1,296","9,99,0007,1,999",SYN004BUFR,
01466099999,2024-06-17T07:00:00,4,59.9666666,11.0333333,109,"KJELLER AIRPORT, NO",FM-12,99999,V020,"134,1,N,0036,1","99999,9,9,9","999999,9,9,9","+9999,9","+9999,9","99999,9",,,"99999,9,09968,1","2,1,004,1,+999,9","0061,1","3,99,0061,1,124","9,99,0041,1,999",SYN004BUFR,
01466099999,2024-07-09T09:00:00,4,59.9666666,11.0333333,109,"KJELLER AIRPORT, NO",FM-12,99999,V020,"999,9,9,9999,9","99999,9,9,N","999999,9,9,9","+9999,9","+9999,9","99999,9",,,"99999,9,10076,1","2,1,007,1,+999,9",,,,SYN03001466 46/// ///// 30076 52007=,
01466099999,2024-07-09T15:00:00,4,59.9666666,11.0333333,109,"KJELLER AIRPORT, NO",FM-12,99999,V020,"999,9,9,9999,9","99999,9,9,N","999999,9,9,9","+9999,9","+9999,9","99999,9",,,"99999,9,10076,1","4,1,000,1,+999,9",,,,SYN03001466 46/// ///// 30076 54000=,
01466099999,2024-07-09T21:00:00,4,59.9666666,11.0333333,109,"KJELLER AIRPORT, NO",FM-12,99999,V020,"999,9,9,9999,9","99999,9,9,N","999999,9,9,9","+9999,9","+9999,9","99999,9",,,"99999,9,10090,1","3,1,008,1,+999,9",,,,SYN03001466 46/// ///// 30090 53008=,
01466099999,2024-07-10T03:00:00,4,59.9666666,11.0333333,109,"KJELLER AIRPORT, NO",FM-12,99999,V020,"999,9,9,9999,9","99999,9,9,N","999999,9,9,9","+9999,9","+9999,9","99999,9",,,"99999,9,10089,1","8,1,007,1,+999,9",,,,SYN03001466 46/// ///// 30089 58007=,
01466099999,2024-07-10T09:00:00,4,59.9666666,11.0333333,109,"KJELLER AIRPORT, NO",FM-12,99999,V020,"999,9,9,9999,9","99999,9,9,N","999999,9,9,9","+9999,9","+9999,9","99999,9",,,"99999,9,10053,1","6,1,023,1,+999,9",,,,SYN03001466 46/// ///// 30053 56023=,
01466099999,2024-07-10T15:00:00,4,59.9666666,11.0333333,109,"KJELLER AIRPORT, NO",FM-12,99999,V020,"999,9,9,9999,9","99999,9,9,N","999999,9,9,9","+9999,9","+9999,9","99999,9",,,"99999,9,10001,1","6,1,019,1,+999,9",,,,SYN03001466 46/// ///// 30001 56019=,
01466099999,2024-07-10T21:00:00,4,59.9666666,11.0333333,109,"KJELLER AIRPORT, NO",FM-12,99999,V020,"999,9,9,9999,9","99999,9,9,N","999999,9,9,9","+9999,9","+9999,9","99999,9",,,"99999,9,09996,1","3,1,004,1,+999,9",,,,SYN03001466 46/// ///// 39996 53004=,
01466099999,2024-07-11T03:00:00,4,59.9666666,11.0333333,109,"KJELLER AIRPORT, NO",FM-12,99999,V020,"999,9,9,9999,9","99999,9,9,N","999999,9,9,9","+9999,9","+9999,9","99999,9",,,"99999,9,10002,1","3,1,006,1,+999,9",,,,SYN03001466 46/// ///// 30002 53006=,
01466099999,2024-07-11T09:00:00,4,59.9666666,11.0333333,109,"KJELLER AIRPORT, NO",FM-12,99999,V020,"999,9,9,9999,9","99999,9,9,N","999999,9,9,9","+9999,9","+9999,9","99999,9",,,"99999,9,10003,1","9,9,001,1,+999,9",,,,SYN03601466 46/// ///// 30003 50001 90900=,
01466099999,2024-07-11T15:00:00,4,59.9666666,11.0333333,109,"KJELLER AIRPORT, NO",FM-12,99999,V020,"999,9,9,9999,9","99999,9,9,N","999999,9,9,9","+9999,9","+9999,9","99999,9",,,"99999,9,09997,1","8,1,006,1,+999,9",,,,SYN03001466 46/// ///// 39997 58006=,
01466099999,2024-07-11T21:00:00,4,59.9666666,11.0333333,109,"KJELLER AIRPORT, NO",FM-12,99999,V020,"999,9,9,9999,9","99999,9,9,N","999999,9,9,9","+9999,9","+9999,9","99999,9",,,"99999,9,09999,1","2,1,002,1,+999,9",,,,SYN03001466 46/// ///// 39999 52002=,
01466099999,2024-07-12T03:00:00,4,59.9666666,11.0333333,109,"KJELLER AIRPORT, NO",FM-12,99999,V020,"999,9,9,9999,9","99999,9,9,N","999999,9,9,9","+9999,9","+9999,9","99999,9",,,"99999,9,10014,1","2,1,006,1,+999,9",,,,SYN03001466 46/// ///// 30014 52006=,
01466099999,2024-07-12T09:00:00,4,59.9666666,11.0333333,109,"KJELLER AIRPORT, NO",FM-12,99999,V020,"999,9,9,9999,9","99999,9,9,N","999999,9,9,9","+9999,9","+9999,9","99999,9",,,"99999,9,10023,1","9,9,004,1,+999,9",,,,SYN03001466 46/// ///// 30023 50004=,
01466099999,2024-07-12T15:00:00,4,59.9666666,11.0333333,109,"KJELLER AIRPORT, NO",FM-12,99999,V020,"999,9,9,9999,9","99999,9,9,N","999999,9,9,9","+9999,9","+9999,9","99999,9",,,"99999,9,10023,1","4,1,000,1,+999,9",,,,SYN03001466 46/// ///// 30023 54000=,
01466099999,2024-07-12T21:00:00,4,59.9666666,11.0333333,109,"KJELLER AIRPORT, NO",FM-12,99999,V020,"999,9,9,9999,9","99999,9,9,N","999999,9,9,9","+9999,9","+9999,9","99999,9",,,"99999,9,10026,1","3,1,002,1,+999,9",,,,SYN03001466 46/// ///// 30026 53002=,
01466099999,2024-07-13T09:00:00,4,59.9666666,11.0333333,109,"KJELLER AIRPORT, NO",FM-12,99999,V020,"999,9,9,9999,9","99999,9,9,N","999999,9,9,9","+9999,9","+9999,9","99999,9",,,"99999,9,10011,1","8,1,012,1,+999,9",,,,SYN03001466 46/// ///// 30011 58012=,
01466099999,2024-07-13T21:00:00,4,59.9666666,11.0333333,109,"KJELLER AIRPORT, NO",FM-12,99999,V020,"999,9,9,9999,9","99999,9,9,N","999999,9,9,9","+9999,9","+9999,9","99999,9",,,"99999,9,09978,1",,,,,SYN03001466 46/// ///// 39978 54001=,Q014     3APCTENQ02.1    3APC3  
01466099999,2024-07-14T03:00:00,4,59.9666666,11.0333333,109,"KJELLER AIRPORT, NO",FM-12,99999,V020,"999,9,9,9999,9","99999,9,9,N","999999,9,9,9","+9999,9","+9999,9","99999,9",,,"99999,9,09968,1","5,1,007,1,+999,9",,,,SYN03001466 46/// ///// 39968 55007=,
01466099999,2024-07-14T15:00:00,4,59.9666666,11.0333333,109,"KJELLER AIRPORT, NO",FM-12,99999,V020,"999,9,9,9999,9","99999,9,9,N","999999,9,9,9","+9999,9","+9999,9","99999,9",,,"99999,9,09924,1","4,1,000,1,+999,9",,,,SYN03001466 46/// ///// 39924 54000=,
01466099999,2024-07-14T21:00:00,4,59.9666666,11.0333333,109,"KJELLER AIRPORT, NO",FM-12,99999,V020,"999,9,9,9999,9","99999,9,9,N","999999,9,9,9","+9999,9","+9999,9","99999,9",,,"99999,9,09949,1","2,1,015,1,+999,9",,,,SYN03001466 46/// ///// 39949 52015=,
01466099999,2024-07-15T03:00:00,4,59.9666666,11.0333333,109,"KJELLER AIRPORT, NO",FM-12,99999,V020,"999,9,9,9999,9","99999,9,9,N","999999,9,9,9","+9999,9","+9999,9","99999,9",,,"99999,9,09966,1","2,1,003,1,+999,9",,,,SYN03001466 46/// ///// 39966 52003=,
01466099999,2024-07-15T09:00:00,4,59.9666666,11.0333333,109,"KJELLER AIRPORT, NO",FM-12,99999,V020,"999,9,9,9999,9","99999,9,9,N","999999,9,9,9","+9999,9","+9999,9","99999,9",,,"99999,9,09966,1","7,1,003,1,+999,9",,,,SYN03001466 46/// ///// 39966 57003=,
01466099999,2024-07-15T15:00:00,4,59.9666666,11.0333333,109,"KJELLER AIRPORT, NO",FM-12,99999,V020,"999,9,9,9999,9","99999,9,9,N","999999,9,9,9","+9999,9","+9999,9","99999,9",,,"99999,9,09962,1","7,1,002,1,+999,9",,,,SYN03001466 46/// ///// 39962 57002=,
01466099999,2024-07-15T21:00:00,4,59.9666666,11.0333333,109,"KJELLER AIRPORT, NO",FM-12,99999,V020,"999,9,9,9999,9","99999,9,9,N","999999,9,9,9","+9999,9","+9999,9","99999,9",,,"99999,9,09978,1","2,1,012,1,+999,9",,,,SYN03001466 46/// ///// 39978 52012=,
01466099999,2024-07-16T03:00:00,4,59.9666666,11.0333333,109,"KJELLER AIRPORT, NO",FM-12,99999,V020,"999,9,9,9999,9","99999,9,9,N","999999,9,9,9","+9999,9","+9999,9","99999,9",,,"99999,9,09990,1","3,1,004,1,+999,9",,,,SYN03001466 46/// ///// 39990 53004=,
01466099999,2024-07-16T09:00:00,4,59.9666666,11.0333333,109,"KJELLER AIRPORT, NO",FM-12,99999,V020,"999,9,9,9999,9","99999,9,9,N","999999,9,9,9","+9999,9","+9999,9","99999,9",,,"99999,9,10002,1","2,1,003,1,+999,9",,,,SYN03001466 46/// ///// 30002 52003=,
01466099999,2024-07-16T15:00:00,4,59.9666666,11.0333333,109,"KJELLER AIRPORT, NO",FM-12,99999,V020,"999,9,9,9999,9","99999,9,9,N","999999,9,9,9","+9999,9","+9999,9","99999,9",,,"99999,9,10003,1","7,1,001,1,+999,9",,,,SYN03001466 46/// ///// 30003 57001=,
01466099999,2024-07-16T21:00:00,4,59.9666666,11.0333333,109,"KJELLER AIRPORT, NO",FM-12,99999,V020,"999,9,9,9999,9","99999,9,9,N","999999,9,9,9","+9999,9","+9999,9","99999,9",,,"99999,9,09994,1","5,1,000,1,+999,9",,,,SYN03001466 46/// ///// 39994 55000=,
01466099999,2024-07-17T03:00:00,4,59.9666666,11.0333333,109,"KJELLER AIRPORT, NO",FM-12,99999,V020,"999,9,9,9999,9","99999,9,9,N","999999,9,9,9","+9999,9","+9999,9","99999,9",,,"99999,9,09977,1","7,1,009,1,+999,9",,,,SYN03001466 46/// ///// 39977 57009=,
01466099999,2024-07-17T09:00:00,4,59.9666666,11.0333333,109,"KJELLER AIRPORT, NO",FM-12,99999,V020,"999,9,9,9999,9","99999,9,9,N","999999,9,9,9","+9999,9","+9999,9","99999,9",,,"99999,9,09961,1","7,1,008,1,+999,9",,,,SYN03001466 46/// ///// 39961 57008=,
01466099999,2024-07-17T15:00:00,4,59.9666666,11.0333333,109,"KJELLER AIRPORT, NO",FM-12,99999,V020,"999,9,9,9999,9","99999,9,9,N","999999,9,9,9","+9999,9","+9999,9","99999,9",,,"99999,9,09969,1","2,1,006,1,+999,9",,,,SYN03001466 46/// ///// 39969 52006=,
01466099999,2024-07-17T21:00:00,4,59.9666666,11.0333333,109,"KJELLER AIRPORT, NO",FM-12,99999,V020,"999,9,9,9999,9","99999,9,9,N","999999,9,9,9","+9999,9","+9999,9","99999,9",,,"99999,9,09982,1","2,1,008,1,+999,9",,,,SYN03001466 46/// ///// 39982 52008=,
01466099999,2024-07-18T03:00:00,4,59.9666666,11.0333333,109,"KJELLER AIRPORT, NO",FM-12,99999,V020,"999,9,9,9999,9","99999,9,9,N","999999,9,9,9","+9999,9","+9999,9","99999,9",,,"99999,9,10000,1","2,1,013,1,+999,9",,,,SYN03001466 46/// ///// 30000 52013=,
01466099999,2024-07-18T09:00:00,4,59.9666666,11.0333333,109,"KJELLER AIRPORT, NO",FM-12,99999,V020,"999,9,9,9999,9","99999,9,9,N","999999,9,9,9","+9999,9","+9999,9","99999,9",,,"99999,9,10024,1","2,1,010,1,+999,9",,,,SYN03001466 46/// ///// 30024 52010=,
01466099999,2024-07-18T15:00:00,4,59.9666666,11.0333333,109,"KJELLER AIRPORT, NO",FM-12,99999,V020,"999,9,9,9999,9","99999,9,9,N","999999,9,9,9","+9999,9","+9999,9","99999,9",,,"99999,9,10031,1","2,1,002,1,+999,9",,,,SYN03001466 46/// ///// 30031 52002=,
01466099999,2024-07-18T21:00:00,4,59.9666666,11.0333333,109,"KJELLER AIRPORT, NO",FM-12,99999,V020,"999,9,9,9999,9","99999,9,9,N","999999,9,9,9","+9999,9","+9999,9","99999,9",,,"99999,9,10046,1","2,1,012,1,+999,9",,,,SYN03001466 46/// ///// 30046 52012=,
01466099999,2024-07-19T03:00:00,4,59.9666666,11.0333333,109,"KJELLER AIRPORT, NO",FM-12,99999,V020,"999,9,9,9999,9","99999,9,9,N","999999,9,9,9","+9999,9","+9999,9","99999,9",,,"99999,9,10063,1","3,1,009,1,+999,9",,,,SYN03001466 46/// ///// 30063 53009=,
01466099999,2024-07-19T09:00:00,4,59.9666666,11.0333333,109,"KJELLER AIRPORT, NO",FM-12,99999,V020,"999,9,9,9999,9","99999,9,9,N","999999,9,9,9","+9999,9","+9999,9","99999,9",,,"99999,9,10068,1","4,1,000,1,+999,9",,,,SYN03001466 46/// ///// 30068 54000=,
01466099999,2024-07-19T15:00:00,4,59.9666666,11.0333333,109,"KJELLER AIRPORT, NO",FM-12,99999,V020,"999,9,9,9999,9","99999,9,9,N","999999,9,9,9","+9999,9","+9999,9","99999,9",,,"99999,9,10046,1","8,1,009,1,+999,9",,,,SYN03001466 46/// ///// 30046 58009=,
01466099999,2024-07-19T21:00:00,4,59.9666666,11.0333333,109,"KJELLER AIRPORT, NO",FM-12,99999,V020,"999,9,9,9999,9","99999,9,9,N","999999,9,9,9","+9999,9","+9999,9","99999,9",,,"99999,9,10042,1","2,1,004,1,+999,9",,,,SYN03001466 46/// ///// 30042 52004=,
01466099999,2024-07-20T09:00:00,4,59.9666666,11.0333333,109,"KJELLER AIRPORT, NO",FM-12,99999,V020,"999,9,9,9999,9","99999,9,9,N","999999,9,9,9","+9999,9","+9999,9","99999,9",,,"99999,9,10026,1","7,1,005,1,+999,9",,,,SYN03001466 46/// ///// 30026 57005=,
01466099999,2024-07-20T15:00:00,4,59.9666666,11.0333333,109,"KJELLER AIRPORT, NO",FM-12,99999,V020,"999,9,9,9999,9","99999,9,9,N","999999,9,9,9","+9999,9","+9999,9","99999,9",,,"99999,9,10003,1","7,1,011,1,+999,9",,,,SYN03001466 46/// ///// 30003 57011=,
01466099999,2024-07-20T21:00:00,4,59.9666666,11.0333333,109,"KJELLER AIRPORT, NO",FM-12,99999,V020,"999,9,9,9999,9","99999,9,9,N","999999,9,9,9","+9999,9","+9999,9","99999,9",,,"99999,9,10002,1","2,1,003,1,+999,9",,,,SYN03001466 46/// ///// 30002 52003=,
01466099999,2024-07-21T03:00:00,4,59.9666666,11.0333333,109,"KJELLER AIRPORT, NO",FM-12,99999,V020,"999,9,9,9999,9","99999,9,9,N","999999,9,9,9","+9999,9","+9999,9","99999,9",,,"99999,9,09998,1","7,1,004,1,+999,9",,,,SYN03001466 46/// ///// 39998 57004=,
01466099999,2024-07-21T09:00:00,4,59.9666666,11.0333333,109,"KJELLER AIRPORT, NO",FM-12,99999,V020,"999,9,9,9999,9","99999,9,9,N","999999,9,9,9","+9999,9","+9999,9","99999,9",,,"99999,9,09988,1","7,1,005,1,+999,9",,,,SYN03001466 46/// ///// 39988 57005=,
01466099999,2024-07-21T15:00:00,4,59.9666666,11.0333333,109,"KJELLER AIRPORT, NO",FM-12,99999,V020,"999,9,9,9999,9","99999,9,9,N","999999,9,9,9","+9999,9","+9999,9","99999,9",,,"99999,9,09970,1","7,1,005,1,+999,9",,,,SYN03001466 46/// ///// 39970 57005=,
01466099999,2024-07-21T21:00:00,4,59.9666666,11.0333333,109,"KJELLER AIRPORT, NO",FM-12,99999,V020,"999,9,9,9999,9","99999,9,9,N","999999,9,9,9","+9999,9","+9999,9","99999,9",,,"99999,9,09972,1","2,1,005,1,+999,9",,,,SYN03001466 46/// ///// 39972 52005=,
01466099999,2024-07-22T03:00:00,4,59.9666666,11.0333333,109,"KJELLER AIRPORT, NO",FM-12,99999,V020,"999,9,9,9999,9","99999,9,9,N","999999,9,9,9","+9999,9","+9999,9","99999,9",,,"99999,9,09967,1","5,1,004,1,+999,9",,,,SYN03001466 46/// ///// 39967 55004=,
01466099999,2024-07-22T09:00:00,4,59.9666666,11.0333333,109,"KJELLER AIRPORT, NO",FM-12,99999,V020,"999,9,9,9999,9","99999,9,9,N","999999,9,9,9","+9999,9","+9999,9","99999,9",,,"99999,9,09964,1","7,1,003,1,+999,9",,,,SYN03001466 46/// ///// 39964 57003=,
01466099999,2024-07-22T15:00:00,4,59.9666666,11.0333333,109,"KJELLER AIRPORT, NO",FM-12,99999,V020,"999,9,9,9999,9","99999,9,9,N","999999,9,9,9","+9999,9","+9999,9","99999,9",,,"99999,9,09983,1","9,9,004,1,+999,9",,,,SYN03001466 46/// ///// 39983 50004=,
01466099999,2024-07-22T21:00:00,4,59.9666666,11.0333333,109,"KJELLER AIRPORT, NO",FM-12,99999,V020,"999,9,9,9999,9","99999,9,9,N","999999,9,9,9","+9999,9","+9999,9","99999,9",,,"99999,9,09985,1","2,1,005,1,+999,9",,,,SYN03001466 46/// ///// 39985 52005=,
01466099999,2024-07-23T03:00:00,4,59.9666666,11.0333333,109,"KJELLER AIRPORT, NO",FM-12,99999,V020,"999,9,9,9999,9","99999,9,9,N","999999,9,9,9","+9999,9","+9999,9","99999,9",,,"99999,9,09987,1","3,1,003,1,+999,9",,,,SYN03001466 46/// ///// 39987 53003=,
01466099999,2024-07-23T09:00:00,4,59.9666666,11.0333333,109,"KJELLER AIRPORT, NO",FM-12,99999,V020,"999,9,9,9999,9","99999,9,9,N","999999,9,9,9","+9999,9","+9999,9","99999,9",,,"99999,9,09991,1","9,9,004,1,+999,9",,,,SYN03001466 46/// ///// 39991 50004=,
01466099999,2024-07-23T15:00:00,4,59.9666666,11.0333333,109,"KJELLER AIRPORT, NO",FM-12,99999,V020,"999,9,9,9999,9","99999,9,9,N","999999,9,9,9","+9999,9","+9999,9","99999,9",,,"99999,9,09987,1","7,1,005,1,+999,9",,,,SYN03001466 46/// ///// 39987 57005=,
01466099999,2024-07-24T03:00:00,4,59.9666666,11.0333333,109,"KJELLER AIRPORT, NO",FM-12,99999,V020,"999,9,9,9999,9","99999,9,9,N","999999,9,9,9","+9999,9","+9999,9","99999,9",,,"99999,9,10004,1","3,1,003,1,+999,9",,,,SYN03001466 46/// ///// 30004 53003=,
01466099999,2024-07-24T09:00:00,4,59.9666666,11.0333333,109,"KJELLER AIRPORT, NO",FM-12,99999,V020,"999,9,9,9999,9","99999,9,9,N","999999,9,9,9","+9999,9","+9999,9","99999,9",,,"99999,9,10012,1","2,1,007,1,+999,9",,,,SYN03001466 46/// ///// 30012 52007=,
01466099999,2024-07-24T15:00:00,4,59.9666666,11.0333333,109,"KJELLER AIRPORT, NO",FM-12,99999,V020,"999,9,9,9999,9","99999,9,9,N","999999,9,9,9","+9999,9","+9999,9","99999,9",,,"99999,9,10010,1",,,,,SYN03001466 46/// ///// 30010 54001=,Q014     3APCTENQ02.1    3APC3  
01466099999,2024-07-24T21:00:00,4,59.9666666,11.0333333,109,"KJELLER AIRPORT, NO",FM-12,99999,V020,"999,9,9,9999,9","99999,9,9,N","999999,9,9,9","+9999,9","+9999,9","99999,9",,,"99999,9,10003,1","8,1,004,1,+999,9",,,,SYN03001466 46/// ///// 30003 58004=,
01466099999,2024-07-25T03:00:00,4,59.9666666,11.0333333,109,"KJELLER AIRPORT, NO",FM-12,99999,V020,"999,9,9,9999,9","99999,9,9,N","999999,9,9,9","+9999,9","+9999,9","99999,9",,,"99999,9,09991,1","7,1,009,1,+999,9",,,,SYN03001466 46/// ///// 39991 57009=,
01466099999,2024-07-25T09:00:00,4,59.9666666,11.0333333,109,"KJELLER AIRPORT, NO",FM-12,99999,V020,"999,9,9,9999,9","99999,9,9,N","999999,9,9,9","+9999,9","+9999,9","99999,9",,,"99999,9,09974,1","8,1,009,1,+999,9",,,,SYN03001466 46/// ///// 39974 58009=,
01466099999,2024-07-25T15:00:00,4,59.9666666,11.0333333,109,"KJELLER AIRPORT, NO",FM-12,99999,V020,"999,9,9,9999,9","99999,9,9,N","999999,9,9,9","+9999,9","+9999,9","99999,9",,,"99999,9,09958,1","7,1,009,1,+999,9",,,,SYN03001466 46/// ///// 39958 57009=,
01466099999,2024-07-25T21:00:00,4,59.9666666,11.0333333,109,"KJELLER AIRPORT, NO",FM-12,99999,V020,"999,9,9,9999,9","99999,9,9,N","999999,9,9,9","+9999,9","+9999,9","99999,9",,,"99999,9,09963,1","2,1,002,1,+999,9",,,,SYN03001466 46/// ///// 39963 52002=,
01466099999,2024-07-26T03:00:00,4,59.9666666,11.0333333,109,"KJELLER AIRPORT, NO",FM-12,99999,V020,"999,9,9,9999,9","99999,9,9,N","999999,9,9,9","+9999,9","+9999,9","99999,9",,,"99999,9,09955,1","8,1,008,1,+999,9",,,,SYN03001466 46/// ///// 39955 58008=,
01466099999,2024-07-26T09:00:00,4,59.9666666,11.0333333,109,"KJELLER AIRPORT, NO",FM-12,99999,V020,"999,9,9,9999,9","99999,9,9,N","999999,9,9,9","+9999,9","+9999,9","99999,9",,,"99999,9,09943,1","7,1,006,1,+999,9",,,,SYN03001466 46/// ///// 39943 57006=,
01466099999,2024-07-26T15:00:00,4,59.9666666,11.0333333,109,"KJELLER AIRPORT, NO",FM-12,99999,V020,"999,9,9,9999,9","99999,9,9,N","999999,9,9,9","+9999,9","+9999,9","99999,9",,,"99999,9,09942,1",,,,,SYN03001466 46/// ///// 39942 54001=,Q014     3APCTENQ02.1    3APC3  
01466099999,2024-07-26T21:00:00,4,59.9666666,11.0333333,109,"KJELLER AIRPORT, NO",FM-12,99999,V020,"999,9,9,9999,9","99999,9,9,N","999999,9,9,9","+9999,9","+9999,9","99999,9",,,"99999,9,09944,1","2,1,003,1,+999,9",,,,SYN03001466 46/// ///// 39944 52003=,
01466099999,2024-07-27T03:00:00,4,59.9666666,11.0333333,109,"KJELLER AIRPORT, NO",FM-12,99999,V020,"999,9,9,9999,9","99999,9,9,N","999999,9,9,9","+9999,9","+9999,9","99999,9",,,"99999,9,09944,1","8,1,001,1,+999,9",,,,SYN03001466 46/// ///// 39944 58001=,
01466099999,2024-07-27T09:00:00,4,59.9666666,11.0333333,109,"KJELLER AIRPORT, NO",FM-12,99999,V020,"999,9,9,9999,9","99999,9,9,N","999999,9,9,9","+9999,9","+9999,9","99999,9",,,"99999,9,09950,1","2,1,002,1,+999,9",,,,SYN03001466 46/// ///// 39950 52002=,
01466099999,2024-07-27T15:00:00,4,59.9666666,11.0333333,109,"KJELLER AIRPORT, NO",FM-12,99999,V020,"999,9,9,9999,9","99999,9,9,N","999999,9,9,9","+9999,9","+9999,9","99999,9",,,"99999,9,09959,1","4,1,000,1,+999,9",,,,SYN03001466 46/// ///// 39959 54000=,
01466099999,2024-07-27T21:00:00,4,59.9666666,11.0333333,109,"KJELLER AIRPORT, NO",FM-12,99999,V020,"999,9,9,9999,9","99999,9,9,N","999999,9,9,9","+9999,9","+9999,9","99999,9",,,"99999,9,09978,1","2,1,013,1,+999,9",,,,SYN03001466 46/// ///// 39978 52013=,
01466099999,2024-07-28T03:00:00,4,59.9666666,11.0333333,109,"KJELLER AIRPORT, NO",FM-12,99999,V020,"999,9,9,9999,9","99999,9,9,N","999999,9,9,9","+9999,9","+9999,9","99999,9",,,"99999,9,09997,1","2,1,012,1,+999,9",,,,SYN03001466 46/// ///// 39997 52012=,
01466099999,2024-07-28T09:00:00,4,59.9666666,11.0333333,109,"KJELLER AIRPORT, NO",FM-12,99999,V020,"999,9,9,9999,9","99999,9,9,N","999999,9,9,9","+9999,9","+9999,9","99999,9",,,"99999,9,10027,1","2,1,011,1,+999,9",,,,SYN03001466 46/// ///// 30027 52011=,
01466099999,2024-07-28T15:00:00,4,59.9666666,11.0333333,109,"KJELLER AIRPORT, NO",FM-12,99999,V020,"999,9,9,9999,9","99999,9,9,N","999999,9,9,9","+9999,9","+9999,9","99999,9",,,"99999,9,10036,1","2,1,002,1,+999,9",,,,SYN03001466 46/// ///// 30036 52002=,
01466099999,2024-07-28T21:00:00,4,59.9666666,11.0333333,109,"KJELLER AIRPORT, NO",FM-12,99999,V020,"999,9,9,9999,9","99999,9,9,N","999999,9,9,9","+9999,9","+9999,9","99999,9",,,"99999,9,10057,1","3,1,016,1,+999,9",,,,SYN03001466 46/// ///// 30057 53016=,
01466099999,2024-07-29T03:00:00,4,59.9666666,11.0333333,109,"KJELLER AIRPORT, NO",FM-12,99999,V020,"999,9,9,9999,9","99999,9,9,N","999999,9,9,9","+9999,9","+9999,9","99999,9",,,"99999,9,10086,1","2,1,013,1,+999,9",,,,SYN03001466 46/// ///// 30086 52013=,
01466099999,2024-07-29T09:00:00,4,59.9666666,11.0333333,109,"KJELLER AIRPORT, NO",FM-12,99999,V020,"999,9,9,9999,9","99999,9,9,N","999999,9,9,9","+9999,9","+9999,9","99999,9",,,"99999,9,10087,1","7,1,005,1,+999,9",,,,SYN03001466 46/// ///// 30087 57005=,
01466099999,2024-07-29T12:00:00,4,59.9666666,11.0333333,109,"KJELLER AIRPORT, NO",FM-12,99999,V020,"999,9,9,9999,9","99999,9,9,9","999999,9,9,9","+9999,9","+9999,9","99999,9",,,"99999,9,10077,1","7,1,010,1,+999,9",,,,SYN004BUFR,
01466099999,2024-07-29T15:00:00,4,59.9666666,11.0333333,109,"KJELLER AIRPORT, NO",FM-12,99999,V020,"999,9,9,9999,9","99999,9,9,N","999999,9,9,9","+9999,9","+9999,9","99999,9",,,"99999,9,10069,1","7,1,008,1,+999,9",,,,SYN03001466 46/// ///// 30069 57008=,
01466099999,2024-07-29T21:00:00,4,59.9666666,11.0333333,109,"KJELLER AIRPORT, NO",FM-12,99999,V020,"999,9,9,9999,9","99999,9,9,N","999999,9,9,9","+9999,9","+9999,9","99999,9",,,"99999,9,10056,1","7,1,003,1,+999,9",,,,SYN03001466 46/// ///// 30056 57003=,
01466099999,2024-07-30T03:00:00,4,59.9666666,11.0333333,109,"KJELLER AIRPORT, NO",FM-12,99999,V020,"999,9,9,9999,9","99999,9,9,N","999999,9,9,9","+9999,9","+9999,9","99999,9",,,"99999,9,10046,1","8,1,009,1,+999,9",,,,SYN03001466 46/// ///// 30046 58009=,
01466099999,2024-07-30T09:00:00,4,59.9666666,11.0333333,109,"KJELLER AIRPORT, NO",FM-12,99999,V020,"999,9,9,9999,9","99999,9,9,N","999999,9,9,9","+9999,9","+9999,9","99999,9",,,"99999,9,10026,1","8,1,015,1,+999,9",,,,SYN03001466 46/// ///// 30026 58015=,
01466099999,2024-07-30T15:00:00,4,59.9666666,11.0333333,109,"KJELLER AIRPORT, NO",FM-12,99999,V020,"999,9,9,9999,9","99999,9,9,N","999999,9,9,9","+9999,9","+9999,9","99999,9",,,"99999,9,10001,1","7,1,012,1,+999,9",,,,SYN03001466 46/// ///// 30001 57012=,
01466099999,2024-07-30T21:00:00,4,59.9666666,11.0333333,109,"KJELLER AIRPORT, NO",FM-12,99999,V020,"999,9,9,9999,9","99999,9,9,N","999999,9,9,9","+9999,9","+9999,9","99999,9",,,"99999,9,09979,1","7,1,009,1,+999,9",,,,SYN03001466 46/// ///// 39979 57009=,
01466099999,2024-07-31T03:00:00,4,59.9666666,11.0333333,109,"KJELLER AIRPORT, NO",FM-12,99999,V020,"999,9,9,9999,9","99999,9,9,N","999999,9,9,9","+9999,9","+9999,9","99999,9",,,"99999,9,09970,1","5,1,000,1,+999,9",,,,SYN03001466 46/// ///// 39970 55000=,
01466099999,2024-07-31T09:00:00,4,59.9666666,11.0333333,109,"KJELLER AIRPORT, NO",FM-12,99999,V020,"999,9,9,9999,9","99999,9,9,N","999999,9,9,9","+9999,9","+9999,9","99999,9",,,"99999,9,09988,1","2,1,011,1,+999,9",,,,SYN03001466 46/// ///// 39988 52011=,
01466099999,2024-07-31T15:00:00,4,59.9666666,11.0333333,109,"KJELLER AIRPORT, NO",FM-12,99999,V020,"999,9,9,9999,9","99999,9,9,N","999999,9,9,9","+9999,9","+9999,9","99999,9",,,"99999,9,09984,1","7,1,004,1,+999,9",,,,SYN03001466 46/// ///// 39984 57004=,
01466099999,2024-08-01T03:00:00,4,59.9666666,11.0333333,109,"KJELLER AIRPORT, NO",FM-12,99999,V020,"999,9,9,9999,9","99999,9,9,N","999999,9,9,9","+9999,9","+9999,9","99999,9",,,"99999,9,10010,1","1,1,009,1,+999,9",,,,SYN03001466 46/// ///// 30010 51009=,
01466099999,2024-08-01T09:00:00,4,59.9666666,11.0333333,109,"KJELLER AIRPORT, NO",FM-12,99999,V020,"999,9,9,9999,9","99999,9,9,N","999999,9,9,9","+9999,9","+9999,9","99999,9",,,"99999,9,10010,1","8,1,001,1,+999,9",,,,SYN03001466 46/// ///// 30010 58001=,
01466099999,2024-08-01T15:00:00,4,59.9666666,11.0333333,109,"KJELLER AIRPORT, NO",FM-12,99999,V020,"999,9,9,9999,9","99999,9,9,N","999999,9,9,9","+9999,9","+9999,9","99999,9",,,"99999,9,09992,1","7,1,008,1,+999,9",,,,SYN03001466 46/// ///// 39992 57008=,
01466099999,2024-08-01T21:00:00,4,59.9666666,11.0333333,109,"KJELLER AIRPORT, NO",FM-12,99999,V020,"999,9,9,9999,9","99999,9,9,N","999999,9,9,9","+9999,9","+9999,9","99999,9",,,"99999,9,09994,1","2,1,008,1,+999,9",,,,SYN03001466 46/// ///// 39994 52008=,
01466099999,2024-08-02T03:00:00,4,59.9666666,11.0333333,109,"KJELLER AIRPORT, NO",FM-12,99999,V020,"999,9,9,9999,9","99999,9,9,N","999999,9,9,9","+9999,9","+9999,9","99999,9",,,"99999,9,10009,1","2,1,005,1,+999,9",,,,SYN03001466 46/// ///// 30009 52005=,
01466099999,2024-08-02T09:00:00,4,59.9666666,11.0333333,109,"KJELLER AIRPORT, NO",FM-12,99999,V020,"999,9,9,9999,9","99999,9,9,N","999999,9,9,9","+9999,9","+9999,9","99999,9",,,"99999,9,10001,1","7,1,005,1,+999,9",,,,SYN03001466 46/// ///// 30001 57005=,
01466099999,2024-08-02T15:00:00,4,59.9666666,11.0333333,109,"KJELLER AIRPORT, NO",FM-12,99999,V020,"999,9,9,9999,9","99999,9,9,N","999999,9,9,9","+9999,9","+9999,9","99999,9",,,"99999,9,09971,1","7,1,016,1,+999,9",,,,SYN03001466 46/// ///// 39971 57016=,
01466099999,2024-08-02T21:00:00,4,59.9666666,11.0333333,109,"KJELLER AIRPORT, NO",FM-12,99999,V020,"999,9,9,9999,9","99999,9,9,N","999999,9,9,9","+9999,9","+9999,9","99999,9",,,"99999,9,09962,1",,,,,SYN03001466 46/// ///// 39962 54001=,Q014     3APCTENQ02.1    3APC3  
01466099999,2024-08-03T03:00:00,4,59.9666666,11.0333333,109,"KJELLER AIRPORT, NO",FM-12,99999,V020,"999,9,9,9999,9","99999,9,9,N","999999,9,9,9","+9999,9","+9999,9","99999,9",,,"99999,9,09957,1","7,1,004,1,+999,9",,,,SYN03001466 46/// ///// 39957 57004=,
01466099999,2024-08-03T09:00:00,4,59.9666666,11.0333333,109,"KJELLER AIRPORT, NO",FM-12,99999,V020,"999,9,9,9999,9","99999,9,9,N","999999,9,9,9","+9999,9","+9999,9","99999,9",,,"99999,9,09957,1","4,1,000,1,+999,9",,,,SYN03001466 46/// ///// 39957 54000=,
01466099999,2024-08-03T15:00:00,4,59.9666666,11.0333333,109,"KJELLER AIRPORT, NO",FM-12,99999,V020,"999,9,9,9999,9","99999,9,9,N","999999,9,9,9","+9999,9","+9999,9","99999,9",,,"99999,9,09943,1","7,1,007,1,+999,9",,,,SYN03001466 46/// ///// 39943 57007=,
01466099999,2024-08-04T03:00:00,4,59.9666666,11.0333333,109,"KJELLER AIRPORT, NO",FM-12,99999,V020,"999,9,9,9999,9","99999,9,9,N","999999,9,9,9","+9999,9","+9999,9","99999,9",,,"99999,9,09943,1","5,1,001,1,+999,9",,,,SYN03001466 46/// ///// 39943 55001=,
01466099999,2024-08-04T09:00:00,4,59.9666666,11.0333333,109,"KJELLER AIRPORT, NO",FM-12,99999,V020,"999,9,9,9999,9","99999,9,9,N","999999,9,9,9","+9999,9","+9999,9","99999,9",,,"99999,9,09948,1","3,1,008,1,+999,9",,,,SYN03001466 46/// ///// 39948 53008=,
01466099999,2024-08-04T15:00:00,4,59.9666666,11.0333333,109,"KJELLER AIRPORT, NO",FM-12,99999,V020,"999,9,9,9999,9","99999,9,9,N","999999,9,9,9","+9999,9","+9999,9","99999,9",,,"99999,9,09944,1","7,1,003,1,+999,9",,,,SYN03001466 46/// ///// 39944 57003=,
01466099999,2024-08-04T21:00:00,4,59.9666666,11.0333333,109,"KJELLER AIRPORT, NO",FM-12,99999,V020,"999,9,9,9999,9","99999,9,9,N","999999,9,9,9","+9999,9","+9999,9","99999,9",,,"99999,9,09962,1","3,1,014,1,+999,9",,,,SYN03001466 46/// ///// 39962 53014=,
01466099999,2024-08-05T03:00:00,4,59.9666666,11.0333333,109,"KJELLER AIRPORT, NO",FM-12,99999,V020,"999,9,9,9999,9","99999,9,9,N","999999,9,9,9","+9999,9","+9999,9","99999,9",,,"99999,9,09977,1","3,1,007,1,+999,9",,,,SYN03001466 46/// ///// 39977 53007=,
01466099999,2024-08-05T09:00:00,4,59.9666666,11.0333333,109,"KJELLER AIRPORT, NO",FM-12,99999,V020,"999,9,9,9999,9","99999,9,9,N","999999,9,9,9","+9999,9","+9999,9","99999,9",,,"99999,9,09992,1","2,1,005,1,+999,9",,,,SYN03001466 46/// ///// 39992 52005=,
01466099999,2024-08-05T11:00:00,4,59.9666666,11.0333333,109,"KJELLER AIRPORT, NO",FM-12,99999,V020,"999,9,9,9999,9","99999,9,9,9","999999,9,9,9","+9999,9","+9999,9","99999,9",,,"99999,9,09994,1","2,1,002,1,+999,9",,,,SYN004BUFR,
01466099999,2024-08-05T15:00:00,4,59.9666666,11.0333333,109,"KJELLER AIRPORT, NO",FM-12,99999,V020,"999,9,9,9999,9","99999,9,9,N","999999,9,9,9","+9999,9","+9999,9","99999,9",,,"99999,9,09993,1",,,,,SYN03001466 46/// ///// 39993 54001=,Q014     3APCTENQ02.1    3APC3  
01466099999,2024-08-05T21:00:00,4,59.9666666,11.0333333,109,"KJELLER AIRPORT, NO",FM-12,99999,V020,"999,9,9,9999,9","99999,9,9,N","999999,9,9,9","+9999,9","+9999,9","99999,9",,,"99999,9,10011,1","2,1,012,1,+999,9",,,,SYN03001466 46/// ///// 30011 52012=,
01466099999,2024-08-06T03:00:00,4,59.9666666,11.0333333,109,"KJELLER AIRPORT, NO",FM-12,99999,V020,"999,9,9,9999,9","99999,9,9,N","999999,9,9,9","+9999,9","+9999,9","99999,9",,,"99999,9,10010,1","7,1,006,1,+999,9",,,,SYN03001466 46/// ///// 30010 57006=,
01466099999,2024-08-06T09:00:00,4,59.9666666,11.0333333,109,"KJELLER AIRPORT, NO",FM-12,99999,V020,"999,9,9,9999,9","99999,9,9,N","999999,9,9,9","+9999,9","+9999,9","99999,9",,,"99999,9,10014,1","2,1,002,1,+999,9",,,,SYN03001466 46/// ///// 30014 52002=,
01466099999,2024-08-06T15:00:00,4,59.9666666,11.0333333,109,"KJELLER AIRPORT, NO",FM-12,99999,V020,"999,9,9,9999,9","99999,9,9,N","999999,9,9,9","+9999,9","+9999,9","99999,9",,,"99999,9,10003,1","6,1,006,1,+999,9",,,,SYN03001466 46/// ///// 30003 56006=,
01466099999,2024-08-06T21:00:00,4,59.9666666,11.0333333,109,"KJELLER AIRPORT, NO",FM-12,99999,V020,"999,9,9,9999,9","99999,9,9,N","999999,9,9,9","+9999,9","+9999,9","99999,9",,,"99999,9,10003,1","4,1,000,1,+999,9",,,,SYN03001466 46/// ///// 30003 54000=,
01466099999,2024-08-07T03:00:00,4,59.9666666,11.0333333,109,"KJELLER AIRPORT, NO",FM-12,99999,V020,"999,9,9,9999,9","99999,9,9,N","999999,9,9,9","+9999,9","+9999,9","99999,9",,,"99999,9,09994,1","7,1,006,1,+999,9",,,,SYN03001466 46/// ///// 39994 57006=,
01466099999,2024-08-07T09:00:00,4,59.9666666,11.0333333,109,"KJELLER AIRPORT, NO",FM-12,99999,V020,"999,9,9,9999,9","99999,9,9,N","999999,9,9,9","+9999,9","+9999,9","99999,9",,,"99999,9,09986,1","5,1,005,1,+999,9",,,,SYN03001466 46/// ///// 39986 55005=,
01466099999,2024-08-07T15:00:00,4,59.9666666,11.0333333,109,"KJELLER AIRPORT, NO",FM-12,99999,V020,"999,9,9,9999,9","99999,9,9,N","999999,9,9,9","+9999,9","+9999,9","99999,9",,,"99999,9,09966,1","5,1,008,1,+999,9",,,,SYN03001466 46/// ///// 39966 55008=,
01466099999,2024-08-07T21:00:00,4,59.9666666,11.0333333,109,"KJELLER AIRPORT, NO",FM-12,99999,V020,"999,9,9,9999,9","99999,9,9,N","999999,9,9,9","+9999,9","+9999,9","99999,9",,,"99999,9,09954,1","8,1,002,1,+999,9",,,,SYN03001466 46/// ///// 39954 58002=,
01466099999,2024-08-08T03:00:00,4,59.9666666,11.0333333,109,"KJELLER AIRPORT, NO",FM-12,99999,V020,"999,9,9,9999,9","99999,9,9,N","999999,9,9,9","+9999,9","+9999,9","99999,9",,,"99999,9,09955,1","3,1,003,1,+999,9",,,,SYN03001466 46/// ///// 39955 53003=,
01466099999,2024-08-08T09:00:00,4,59.9666666,11.0333333,109,"KJELLER AIRPORT, NO",FM-12,99999,V020,"999,9,9,9999,9","99999,9,9,N","999999,9,9,9","+9999,9","+9999,9","99999,9",,,"99999,9,09958,1","2,1,002,1,+999,9",,,,SYN03001466 46/// ///// 39958 52002=,
01466099999,2024-08-08T15:00:00,4,59.9666666,11.0333333,109,"KJELLER AIRPORT, NO",FM-12,99999,V020,"999,9,9,9999,9","99999,9,9,N","999999,9,9,9","+9999,9","+9999,9","99999,9",,,"99999,9,09958,1","5,1,000,1,+999,9",,,,SYN03001466 46/// ///// 39958 55000=,
01466099999,2024-08-08T21:00:00,4,59.9666666,11.0333333,109,"KJELLER AIRPORT, NO",FM-12,99999,V020,"999,9,9,9999,9","99999,9,9,N","999999,9,9,9","+9999,9","+9999,9","99999,9",,,"99999,9,09959,1","3,1,003,1,+999,9",,,,SYN03001466 46/// ///// 39959 53003=,
01466099999,2024-08-09T03:00:00,4,59.9666666,11.0333333,109,"KJELLER AIRPORT, NO",FM-12,99999,V020,"999,9,9,9999,9","99999,9,9,N","999999,9,9,9","+9999,9","+9999,9","99999,9",,,"99999,9,09950,1","8,1,008,1,+999,9",,,,SYN03001466 46/// ///// 39950 58008=,
01466099999,2024-08-09T09:00:00,4,59.9666666,11.0333333,109,"KJELLER AIRPORT, NO",FM-12,99999,V020,"999,9,9,9999,9","99999,9,9,N","999999,9,9,9","+9999,9","+9999,9","99999,9",,,"99999,9,09899,1","8,1,029,1,+999,9",,,,SYN03001466 46/// ///// 39899 58029=,
01466099999,2024-08-09T15:00:00,4,59.9666666,11.0333333,109,"KJELLER AIRPORT, NO",FM-12,99999,V020,"999,9,9,9999,9","99999,9,9,N","999999,9,9,9","+9999,9","+9999,9","99999,9",,,"99999,9,09832,1","6,1,025,1,+999,9",,,,SYN03001466 46/// ///// 39832 56025=,
01466099999,2024-08-09T21:00:00,4,59.9666666,11.0333333,109,"KJELLER AIRPORT, NO",FM-12,99999,V020,"999,9,9,9999,9","99999,9,9,N","999999,9,9,9","+9999,9","+9999,9","99999,9",,,"99999,9,09851,1","3,1,011,1,+999,9",,,,SYN03001466 46/// ///// 39851 53011=,
01466099999,2024-08-10T03:00:00,4,59.9666666,11.0333333,109,"KJELLER AIRPORT, NO",FM-12,99999,V020,"999,9,9,9999,9","99999,9,9,N","999999,9,9,9","+9999,9","+9999,9","99999,9",,,"99999,9,09880,1","2,1,009,1,+999,9",,,,SYN03001466 46/// ///// 39880 52009=,
01466099999,2024-08-10T09:00:00,4,59.9666666,11.0333333,109,"KJELLER AIRPORT, NO",FM-12,99999,V020,"999,9,9,9999,9","99999,9,9,N","999999,9,9,9","+9999,9","+9999,9","99999,9",,,"99999,9,09901,1","2,1,009,1,+999,9",,,,SYN03001466 46/// ///// 39901 52009=,
01466099999,2024-08-10T15:00:00,4,59.9666666,11.0333333,109,"KJELLER AIRPORT, NO",FM-12,99999,V020,"999,9,9,9999,9","99999,9,9,N","999999,9,9,9","+9999,9","+9999,9","99999,9",,,"99999,9,09910,1","3,1,003,1,+999,9",,,,SYN03001466 46/// ///// 39910 53003=,
01466099999,2024-08-10T21:00:00,4,59.9666666,11.0333333,109,"KJELLER AIRPORT, NO",FM-12,99999,V020,"999,9,9,9999,9","99999,9,9,N","999999,9,9,9","+9999,9","+9999,9","99999,9",,,"99999,9,09920,1","2,1,009,1,+999,9",,,,SYN03001466 46/// ///// 39920 52009=,
01466099999,2024-08-11T03:00:00,4,59.9666666,11.0333333,109,"KJELLER AIRPORT, NO",FM-12,99999,V020,"999,9,9,9999,9","99999,9,9,N","999999,9,9,9","+9999,9","+9999,9","99999,9",,,"99999,9,09938,1","3,1,014,1,+999,9",,,,SYN03001466 46/// ///// 39938 53014=,
01466099999,2024-08-11T09:00:00,4,59.9666666,11.0333333,109,"KJELLER AIRPORT, NO",FM-12,99999,V020,"999,9,9,9999,9","99999,9,9,N","999999,9,9,9","+9999,9","+9999,9","99999,9",,,"99999,9,09980,1","1,1,021,1,+999,9",,,,SYN03001466 46/// ///// 39980 51021=,
01466099999,2024-08-11T15:00:00,4,59.9666666,11.0333333,109,"KJELLER AIRPORT, NO",FM-12,99999,V020,"999,9,9,9999,9","99999,9,9,N","999999,9,9,9","+9999,9","+9999,9","99999,9",,,"99999,9,09992,1","2,1,004,1,+999,9",,,,SYN03001466 46/// ///// 39992 52004=,
01466099999,2024-08-13T03:00:00,4,59.9666666,11.0333333,109,"KJELLER AIRPORT, NO",FM-12,99999,V020,"999,9,9,9999,9","99999,9,9,N","999999,9,9,9","+9999,9","+9999,9","99999,9",,,"99999,9,10036,1","7,1,001,1,+999,9",,,,SYN03001466 46/// ///// 30036 57001=,
01466099999,2024-08-13T09:00:00,4,59.9666666,11.0333333,109,"KJELLER AIRPORT, NO",FM-12,99999,V020,"999,9,9,9999,9","99999,9,9,N","999999,9,9,9","+9999,9","+9999,9","99999,9",,,"99999,9,10041,1","8,1,003,1,+999,9",,,,SYN03001466 46/// ///// 30041 58003=,
01466099999,2024-08-13T15:00:00,4,59.9666666,11.0333333,109,"KJELLER AIRPORT, NO",FM-12,99999,V020,"999,9,9,9999,9","99999,9,9,N","999999,9,9,9","+9999,9","+9999,9","99999,9",,,"99999,9,10041,1","8,1,001,1,+999,9",,,,SYN03001466 46/// ///// 30041 58001=,
01466099999,2024-08-13T21:00:00,4,59.9666666,11.0333333,109,"KJELLER AIRPORT, NO",FM-12,99999,V020,"999,9,9,9999,9","99999,9,9,N","999999,9,9,9","+9999,9","+9999,9","99999,9",,,"99999,9,10029,1","8,1,002,1,+999,9",,,,SYN03001466 46/// ///// 30029 58002=,
01466099999,2024-08-14T03:00:00,4,59.9666666,11.0333333,109,"KJELLER AIRPORT, NO",FM-12,99999,V020,"999,9,9,9999,9","99999,9,9,N","999999,9,9,9","+9999,9","+9999,9","99999,9",,,"99999,9,10026,1","5,1,004,1,+999,9",,,,SYN03001466 46/// ///// 30026 55004=,
01466099999,2024-08-14T09:00:00,4,59.9666666,11.0333333,109,"KJELLER AIRPORT, NO",FM-12,99999,V020,"999,9,9,9999,9","99999,9,9,N","999999,9,9,9","+9999,9","+9999,9","99999,9",,,"99999,9,10023,1","3,1,001,1,+999,9",,,,SYN03001466 46/// ///// 30023 53001=,
01466099999,2024-08-14T15:00:00,4,59.9666666,11.0333333,109,"KJELLER AIRPORT, NO",FM-12,99999,V020,"999,9,9,9999,9","99999,9,9,N","999999,9,9,9","+9999,9","+9999,9","99999,9",,,"99999,9,10019,1","7,1,002,1,+999,9",,,,SYN03001466 46/// ///// 30019 57002=,
01466099999,2024-08-14T21:00:00,4,59.9666666,11.0333333,109,"KJELLER AIRPORT, NO",FM-12,99999,V020,"999,9,9,9999,9","99999,9,9,N","999999,9,9,9","+9999,9","+9999,9","99999,9",,,"99999,9,10001,1","7,1,008,1,+999,9",,,,SYN03001466 46/// ///// 30001 57008=,
01466099999,2024-08-15T03:00:00,4,59.9666666,11.0333333,109,"KJELLER AIRPORT, NO",FM-12,99999,V020,"999,9,9,9999,9","99999,9,9,N","999999,9,9,9","+9999,9","+9999,9","99999,9",,,"99999,9,09977,1","7,1,012,1,+999,9",,,,SYN03001466 46/// ///// 39977 57012=,
01466099999,2024-08-15T09:00:00,4,59.9666666,11.0333333,109,"KJELLER AIRPORT, NO",FM-12,99999,V020,"999,9,9,9999,9","99999,9,9,N","999999,9,9,9","+9999,9","+9999,9","99999,9",,,"99999,9,09967,1",,,,,SYN03001466 46/// ///// 39967 54001=,Q014     3APCTENQ02.1    3APC3  
01466099999,2024-08-15T15:00:00,4,59.9666666,11.0333333,109,"KJELLER AIRPORT, NO",FM-12,99999,V020,"999,9,9,9999,9","99999,9,9,N","999999,9,9,9","+9999,9","+9999,9","99999,9",,,"99999,9,09953,1","9,9,000,1,+999,9",,,,SYN03001466 46/// ///// 39953 50000=,
01466099999,2024-08-15T21:00:00,4,59.9666666,11.0333333,109,"KJELLER AIRPORT, NO",FM-12,99999,V020,"999,9,9,9999,9","99999,9,9,N","999999,9,9,9","+9999,9","+9999,9","99999,9",,,"99999,9,09922,1","8,1,023,1,+999,9",,,,SYN03001466 46/// ///// 39922 58023=,
01466099999,2024-08-16T03:00:00,4,59.9666666,11.0333333,109,"KJELLER AIRPORT, NO",FM-12,99999,V020,"999,9,9,9999,9","99999,9,9,N","999999,9,9,9","+9999,9","+9999,9","99999,9",,,"99999,9,09915,1","3,1,005,1,+999,9",,,,SYN03001466 46/// ///// 39915 53005=,
01466099999,2024-08-16T09:00:00,4,59.9666666,11.0333333,109,"KJELLER AIRPORT, NO",FM-12,99999,V020,"999,9,9,9999,9","99999,9,9,N","999999,9,9,9","+9999,9","+9999,9","99999,9",,,"99999,9,09949,1","1,1,015,1,+999,9",,,,SYN03001466 46/// ///// 39949 51015=,
01466099999,2024-08-16T15:00:00,4,59.9666666,11.0333333,109,"KJELLER AIRPORT, NO",FM-12,99999,V020,"999,9,9,9999,9","99999,9,9,N","999999,9,9,9","+9999,9","+9999,9","99999,9",,,"99999,9,09953,1","7,1,003,1,+999,9",,,,SYN03001466 46/// ///// 39953 57003=,
01466099999,2024-08-16T21:00:00,4,59.9666666,11.0333333,109,"KJELLER AIRPORT, NO",FM-12,99999,V020,"999,9,9,9999,9","99999,9,9,N","999999,9,9,9","+9999,9","+9999,9","99999,9",,,"99999,9,09951,1","9,9,000,1,+999,9",,,,SYN03001466 46/// ///// 39951 50000=,
01466099999,2024-08-17T03:00:00,4,59.9666666,11.0333333,109,"KJELLER AIRPORT, NO",FM-12,99999,V020,"999,9,9,9999,9","99999,9,9,N","999999,9,9,9","+9999,9","+9999,9","99999,9",,,"99999,9,09938,1","8,1,004,1,+999,9",,,,SYN03001466 46/// ///// 39938 58004=,
01466099999,2024-08-17T09:00:00,4,59.9666666,11.0333333,109,"KJELLER AIRPORT, NO",FM-12,99999,V020,"999,9,9,9999,9","99999,9,9,N","999999,9,9,9","+9999,9","+9999,9","99999,9",,,"99999,9,09944,1","2,1,008,1,+999,9",,,,SYN03001466 46/// ///// 39944 52008=,
01466099999,2024-08-17T15:00:00,4,59.9666666,11.0333333,109,"KJELLER AIRPORT, NO",FM-12,99999,V020,"999,9,9,9999,9","99999,9,9,N","999999,9,9,9","+9999,9","+9999,9","99999,9",,,"99999,9,09945,1","7,1,002,1,+999,9",,,,SYN03001466 46/// ///// 39945 57002=,
01466099999,2024-08-17T21:00:00,4,59.9666666,11.0333333,109,"KJELLER AIRPORT, NO",FM-12,99999,V020,"999,9,9,9999,9","99999,9,9,N","999999,9,9,9","+9999,9","+9999,9","99999,9",,,"99999,9,09951,1","2,1,007,1,+999,9",,,,SYN03001466 46/// ///// 39951 52007=,
01466099999,2024-08-18T03:00:00,4,59.9666666,11.0333333,109,"KJELLER AIRPORT, NO",FM-12,99999,V020,"999,9,9,9999,9","99999,9,9,N","999999,9,9,9","+9999,9","+9999,9","99999,9",,,"99999,9,09948,1","7,1,004,1,+999,9",,,,SYN03001466 46/// ///// 39948 57004=,
01466099999,2024-08-18T09:00:00,4,59.9666666,11.0333333,109,"KJELLER AIRPORT, NO",FM-12,99999,V020,"999,9,9,9999,9","99999,9,9,N","999999,9,9,9","+9999,9","+9999,9","99999,9",,,"99999,9,09941,1","7,1,005,1,+999,9",,,,SYN03001466 46/// ///// 39941 57005=,
01466099999,2024-08-18T15:00:00,4,59.9666666,11.0333333,109,"KJELLER AIRPORT, NO",FM-12,99999,V020,"999,9,9,9999,9","99999,9,9,N","999999,9,9,9","+9999,9","+9999,9","99999,9",,,"99999,9,09929,1","6,1,006,1,+999,9",,,,SYN03001466 46/// ///// 39929 56006=,
01466099999,2024-08-18T21:00:00,4,59.9666666,11.0333333,109,"KJELLER AIRPORT, NO",FM-12,99999,V020,"999,9,9,9999,9","99999,9,9,N","999999,9,9,9","+9999,9","+9999,9","99999,9",,,"99999,9,09934,1","3,1,010,1,+999,9",,,,SYN03001466 46/// ///// 39934 53010=,
01466099999,2024-08-19T03:00:00,4,59.9666666,11.0333333,109,"KJELLER AIRPORT, NO",FM-12,99999,V020,"999,9,9,9999,9","99999,9,9,N","999999,9,9,9","+9999,9","+9999,9","99999,9",,,"99999,9,09959,1","1,1,012,1,+999,9",,,,SYN03001466 46/// ///// 39959 51012=,
01466099999,2024-08-19T09:00:00,4,59.9666666,11.0333333,109,"KJELLER AIRPORT, NO",FM-12,99999,V020,"999,9,9,9999,9","99999,9,9,N","999999,9,9,9","+9999,9","+9999,9","99999,9",,,"99999,9,09998,1","1,1,020,1,+999,9",,,,SYN03001466 46/// ///// 39998 51020=,
01466099999,2024-08-19T15:00:00,4,59.9666666,11.0333333,109,"KJELLER AIRPORT, NO",FM-12,99999,V020,"999,9,9,9999,9","99999,9,9,N","999999,9,9,9","+9999,9","+9999,9","99999,9",,,"99999,9,10007,1","2,1,003,1,+999,9",,,,SYN03001466 46/// ///// 30007 52003=,
01466099999,2024-08-19T21:00:00,4,59.9666666,11.0333333,109,"KJELLER AIRPORT, NO",FM-12,99999,V020,"999,9,9,9999,9","99999,9,9,N","999999,9,9,9","+9999,9","+9999,9","99999,9",,,"99999,9,10006,1",,,,,SYN03001466 46/// ///// 30006 54001=,Q014     3APCTENQ02.1    3APC3  
01466099999,2024-08-20T09:00:00,4,59.9666666,11.0333333,109,"KJELLER AIRPORT, NO",FM-12,99999,V020,"999,9,9,9999,9","99999,9,9,N","999999,9,9,9","+9999,9","+9999,9","99999,9",,,"99999,9,09983,1","5,1,002,1,+999,9",,,,SYN03001466 46/// ///// 39983 55002=,
01466099999,2024-08-20T15:00:00,4,59.9666666,11.0333333,109,"KJELLER AIRPORT, NO",FM-12,99999,V020,"999,9,9,9999,9","99999,9,9,N","999999,9,9,9","+9999,9","+9999,9","99999,9",,,"99999,9,09966,1","8,1,011,1,+999,9",,,,SYN03001466 46/// ///// 39966 58011=,
01466099999,2024-08-20T21:00:00,4,59.9666666,11.0333333,109,"KJELLER AIRPORT, NO",FM-12,99999,V020,"999,9,9,9999,9","99999,9,9,N","999999,9,9,9","+9999,9","+9999,9","99999,9",,,"99999,9,09937,1","6,1,016,1,+999,9",,,,SYN03001466 46/// ///// 39937 56016=,
01466099999,2024-08-21T03:00:00,4,59.9666666,11.0333333,109,"KJELLER AIRPORT, NO",FM-12,99999,V020,"999,9,9,9999,9","99999,9,9,N","999999,9,9,9","+9999,9","+9999,9","99999,9",,,"99999,9,09891,1","8,1,023,1,+999,9",,,,SYN03001466 46/// ///// 39891 58023=,
01466099999,2024-08-21T09:00:00,4,59.9666666,11.0333333,109,"KJELLER AIRPORT, NO",FM-12,99999,V020,"999,9,9,9999,9","99999,9,9,N","999999,9,9,9","+9999,9","+9999,9","99999,9",,,"99999,9,09894,1","2,1,006,1,+999,9",,,,SYN03001466 46/// ///// 39894 52006=,
01466099999,2024-08-21T15:00:00,4,59.9666666,11.0333333,109,"KJELLER AIRPORT, NO",FM-12,99999,V020,"999,9,9,9999,9","99999,9,9,N","999999,9,9,9","+9999,9","+9999,9","99999,9",,,"99999,9,09899,1",,,,,SYN03001466 46/// ///// 39899 54001=,Q014     3APCTENQ02.1    3APC3  
01466099999,2024-08-21T21:00:00,4,59.9666666,11.0333333,109,"KJELLER AIRPORT, NO",FM-12,99999,V020,"999,9,9,9999,9","99999,9,9,N","999999,9,9,9","+9999,9","+9999,9","99999,9",,,"99999,9,09907,1","2,1,007,1,+999,9",,,,SYN03001466 46/// ///// 39907 52007=,
01466099999,2024-08-22T03:00:00,4,59.9666666,11.0333333,109,"KJELLER AIRPORT, NO",FM-12,99999,V020,"999,9,9,9999,9","99999,9,9,N","999999,9,9,9","+9999,9","+9999,9","99999,9",,,"99999,9,09899,1","7,1,006,1,+999,9",,,,SYN03001466 46/// ///// 39899 57006=,
01466099999,2024-08-22T09:00:00,4,59.9666666,11.0333333,109,"KJELLER AIRPORT, NO",FM-12,99999,V020,"999,9,9,9999,9","99999,9,9,N","999999,9,9,9","+9999,9","+9999,9","99999,9",,,"99999,9,09892,1","8,1,002,1,+999,9",,,,SYN03001466 46/// ///// 39892 58002=,
01466099999,2024-08-22T15:00:00,4,59.9666666,11.0333333,109,"KJELLER AIRPORT, NO",FM-12,99999,V020,"999,9,9,9999,9","99999,9,9,N","999999,9,9,9","+9999,9","+9999,9","99999,9",,,"99999,9,09859,1","8,1,016,1,+999,9",,,,SYN03001466 46/// ///// 39859 58016=,
01466099999,2024-08-22T21:00:00,4,59.9666666,11.0333333,109,"KJELLER AIRPORT, NO",FM-12,99999,V020,"999,9,9,9999,9","99999,9,9,N","999999,9,9,9","+9999,9","+9999,9","99999,9",,,"99999,9,09836,1","7,1,005,1,+999,9",,,,SYN03001466 46/// ///// 39836 57005=,
01466099999,2024-08-23T03:00:00,4,59.9666666,11.0333333,109,"KJELLER AIRPORT, NO",FM-12,99999,V020,"999,9,9,9999,9","99999,9,9,N","999999,9,9,9","+9999,9","+9999,9","99999,9",,,"99999,9,09837,1","2,1,003,1,+999,9",,,,SYN03001466 46/// ///// 39837 52003=,
01466099999,2024-08-23T09:00:00,4,59.9666666,11.0333333,109,"KJELLER AIRPORT, NO",FM-12,99999,V020,"999,9,9,9999,9","99999,9,9,N","999999,9,9,9","+9999,9","+9999,9","99999,9",,,"99999,9,09829,1","8,1,005,1,+999,9",,,,SYN03001466 46/// ///// 39829 58005=,
01466099999,2024-08-23T15:00:00,4,59.9666666,11.0333333,109,"KJELLER AIRPORT, NO",FM-12,99999,V020,"999,9,9,9999,9","99999,9,9,N","999999,9,9,9","+9999,9","+9999,9","99999,9",,,"99999,9,09733,1","8,1,066,1,+999,9",,,,SYN03001466 46/// ///// 39733 58066=,
01466099999,2024-08-23T21:00:00,4,59.9666666,11.0333333,109,"KJELLER AIRPORT, NO",FM-12,99999,V020,"999,9,9,9999,9","99999,9,9,N","999999,9,9,9","+9999,9","+9999,9","99999,9",,,"99999,9,09786,1","3,1,056,1,+999,9",,,,SYN03001466 46/// ///// 39786 53056=,
01466099999,2024-08-24T03:00:00,4,59.9666666,11.0333333,109,"KJELLER AIRPORT, NO",FM-12,99999,V020,"999,9,9,9999,9","99999,9,9,N","999999,9,9,9","+9999,9","+9999,9","99999,9",,,"99999,9,09891,1","1,1,037,1,+999,9",,,,SYN03001466 46/// ///// 39891 51037=,
01466099999,2024-08-24T09:00:00,4,59.9666666,11.0333333,109,"KJELLER AIRPORT, NO",FM-12,99999,V020,"999,9,9,9999,9","99999,9,9,N","999999,9,9,9","+9999,9","+9999,9","99999,9",,,"99999,9,09939,1","3,1,018,1,+999,9",,,,SYN03001466 46/// ///// 39939 53018=,
01466099999,2024-08-24T15:00:00,4,59.9666666,11.0333333,109,"KJELLER AIRPORT, NO",FM-12,99999,V020,"999,9,9,9999,9","99999,9,9,N","999999,9,9,9","+9999,9","+9999,9","99999,9",,,"99999,9,09937,1","8,1,007,1,+999,9",,,,SYN03001466 46/// ///// 39937 58007=,
01466099999,2024-08-24T21:00:00,4,59.9666666,11.0333333,109,"KJELLER AIRPORT, NO",FM-12,99999,V020,"999,9,9,9999,9","99999,9,9,N","999999,9,9,9","+9999,9","+9999,9","99999,9",,,"99999,9,09884,1","8,1,028,1,+999,9",,,,SYN03001466 46/// ///// 39884 58028=,
